period_date,brand_id,market_id,category,total_market_size_usd_m,market_growth_pct,az_market_share_pct,az_revenue_usd_m
2024-01-01,TAGRISSO,US,EGFR TKI inhibitors,648.57,13.4,54.2,351.73
2024-02-01,TAGRISSO,US,EGFR TKI inhibitors,695.45,11.1,52.5,364.77
2024-03-01,TAGRISSO,US,EGFR TKI inhibitors,634.91,10.9,59.2,376.17
2024-04-01,TAGRISSO,US,EGFR TKI inhibitors,697.67,11.6,55.0,383.58
2024-05-01,TAGRISSO,US,EGFR TKI inhibitors,677.71,10.5,58.4,395.58
2024-06-01,TAGRISSO,US,EGFR TKI inhibitors,659.16,11.8,63.1,415.68
2024-07-01,TAGRISSO,US,EGFR TKI inhibitors,694.54,11.1,57.9,401.93
2024-08-01,TAGRISSO,US,EGFR TKI inhibitors,635.36,12.7,64.7,411.33
2024-09-01,TAGRISSO,US,EGFR TKI inhibitors,698.57,11.1,62.9,439.42
2024-10-01,TAGRISSO,US,EGFR TKI inhibitors,694.87,11.3,66.9,464.89
2024-11-01,TAGRISSO,US,EGFR TKI inhibitors,657.77,10.3,71.8,472.57
2024-12-01,TAGRISSO,US,EGFR TKI inhibitors,670.16,10.9,73.8,494.52
2024-01-01,TAGRISSO,CN,EGFR TKI inhibitors,286.96,11.4,39.8,114.21
2024-02-01,TAGRISSO,CN,EGFR TKI inhibitors,300.22,13.7,39.3,117.98
2024-03-01,TAGRISSO,CN,EGFR TKI inhibitors,305.59,13.8,40.8,124.59
2024-04-01,TAGRISSO,CN,EGFR TKI inhibitors,289.99,13.7,42.8,124.22
2024-05-01,TAGRISSO,CN,EGFR TKI inhibitors,289.33,11.9,44.5,128.78
2024-06-01,TAGRISSO,CN,EGFR TKI inhibitors,285.04,10.8,49.3,140.65
2024-07-01,TAGRISSO,CN,EGFR TKI inhibitors,283.21,12.8,45.9,130.05
2024-08-01,TAGRISSO,CN,EGFR TKI inhibitors,283.41,13.0,48.4,137.31
2024-09-01,TAGRISSO,CN,EGFR TKI inhibitors,301.0,14.0,47.3,142.42
2024-10-01,TAGRISSO,CN,EGFR TKI inhibitors,290.41,12.9,52.7,152.98
2024-11-01,TAGRISSO,CN,EGFR TKI inhibitors,280.97,11.8,56.5,158.85
2024-12-01,TAGRISSO,CN,EGFR TKI inhibitors,305.18,12.4,55.3,168.68
2025-01-01,TAGRISSO,US,EGFR TKI inhibitors,728.1,14.0,53.5,389.6
2025-02-01,TAGRISSO,US,EGFR TKI inhibitors,748.3,13.8,53.3,398.73
2025-03-01,TAGRISSO,US,EGFR TKI inhibitors,751.84,13.1,55.1,414.49
2025-04-01,TAGRISSO,US,EGFR TKI inhibitors,781.85,13.7,54.8,428.19
2025-05-01,TAGRISSO,US,EGFR TKI inhibitors,734.96,13.5,58.1,427.02
2025-06-01,TAGRISSO,US,EGFR TKI inhibitors,714.43,13.6,63.1,450.92
2025-07-01,TAGRISSO,US,EGFR TKI inhibitors,744.9,10.4,58.5,435.89
2025-08-01,TAGRISSO,US,EGFR TKI inhibitors,711.3,10.7,63.5,451.5
2025-09-01,TAGRISSO,US,EGFR TKI inhibitors,751.17,12.2,64.4,483.98
2025-10-01,TAGRISSO,US,EGFR TKI inhibitors,714.22,11.8,69.9,499.29
2025-11-01,TAGRISSO,US,EGFR TKI inhibitors,711.6,13.2,72.7,517.54
2025-12-01,TAGRISSO,US,EGFR TKI inhibitors,783.11,10.2,71.3,558.56
2025-01-01,TAGRISSO,CN,EGFR TKI inhibitors,327.23,10.2,39.5,129.11
2025-02-01,TAGRISSO,CN,EGFR TKI inhibitors,342.3,10.6,39.2,134.3
2025-03-01,TAGRISSO,CN,EGFR TKI inhibitors,332.88,12.7,42.2,140.34
2025-04-01,TAGRISSO,CN,EGFR TKI inhibitors,342.92,12.4,41.4,142.12
2025-05-01,TAGRISSO,CN,EGFR TKI inhibitors,337.43,12.8,43.5,146.88
2025-06-01,TAGRISSO,CN,EGFR TKI inhibitors,327.5,11.6,46.1,150.88
2025-07-01,TAGRISSO,CN,EGFR TKI inhibitors,333.73,10.0,43.1,143.84
2025-08-01,TAGRISSO,CN,EGFR TKI inhibitors,312.25,10.6,48.2,150.42
2025-09-01,TAGRISSO,CN,EGFR TKI inhibitors,311.23,12.6,50.7,157.73
2025-10-01,TAGRISSO,CN,EGFR TKI inhibitors,325.93,13.5,52.9,172.38
2025-11-01,TAGRISSO,CN,EGFR TKI inhibitors,341.16,10.5,52.1,177.74
2025-12-01,TAGRISSO,CN,EGFR TKI inhibitors,329.42,13.0,56.8,187.03
2026-01-01,TAGRISSO,US,EGFR TKI inhibitors,846.62,12.9,48.8,413.44
2026-02-01,TAGRISSO,US,EGFR TKI inhibitors,873.57,10.5,48.6,424.65
2026-03-01,TAGRISSO,US,EGFR TKI inhibitors,824.62,13.2,55.5,457.98
2026-04-01,TAGRISSO,US,EGFR TKI inhibitors,796.93,10.7,57.4,457.65
2026-05-01,TAGRISSO,US,EGFR TKI inhibitors,795.6,13.7,58.6,465.94
2026-06-01,TAGRISSO,US,EGFR TKI inhibitors,838.42,10.2,59.2,495.98
2026-07-01,TAGRISSO,US,EGFR TKI inhibitors,830.74,10.0,56.0,465.24
2026-08-01,TAGRISSO,US,EGFR TKI inhibitors,845.05,13.8,57.2,483.62
2026-09-01,TAGRISSO,US,EGFR TKI inhibitors,833.33,10.0,61.2,509.63
2026-10-01,TAGRISSO,US,EGFR TKI inhibitors,874.3,12.9,62.5,546.05
2026-11-01,TAGRISSO,US,EGFR TKI inhibitors,804.64,10.9,70.8,569.76
2026-12-01,TAGRISSO,US,EGFR TKI inhibitors,796.46,11.8,76.4,608.12
2026-01-01,TAGRISSO,CN,EGFR TKI inhibitors,359.84,11.2,38.8,139.74
2026-02-01,TAGRISSO,CN,EGFR TKI inhibitors,377.9,11.8,37.8,142.94
2026-03-01,TAGRISSO,CN,EGFR TKI inhibitors,380.55,11.6,40.2,152.99
2026-04-01,TAGRISSO,CN,EGFR TKI inhibitors,370.33,12.7,41.0,151.78
2026-05-01,TAGRISSO,CN,EGFR TKI inhibitors,352.25,10.7,44.9,158.18
2026-06-01,TAGRISSO,CN,EGFR TKI inhibitors,363.28,11.4,45.3,164.74
2026-07-01,TAGRISSO,CN,EGFR TKI inhibitors,367.34,10.5,43.3,159.16
2026-08-01,TAGRISSO,CN,EGFR TKI inhibitors,375.64,10.5,43.1,161.88
2026-09-01,TAGRISSO,CN,EGFR TKI inhibitors,358.86,13.9,49.1,176.21
2026-10-01,TAGRISSO,CN,EGFR TKI inhibitors,355.84,12.2,51.7,183.92
2026-11-01,TAGRISSO,CN,EGFR TKI inhibitors,375.58,11.3,50.5,189.57
2026-12-01,TAGRISSO,CN,EGFR TKI inhibitors,349.26,13.8,56.5,197.23
2024-01-01,IMFINZI,US,PD-1/PD-L1 checkpoint inhibitors,1910.6,15.9,13.7,262.15
2024-02-01,IMFINZI,US,PD-1/PD-L1 checkpoint inhibitors,1904.22,14.8,14.3,271.9
2024-03-01,IMFINZI,US,PD-1/PD-L1 checkpoint inhibitors,1919.25,14.8,14.8,284.96
2024-04-01,IMFINZI,US,PD-1/PD-L1 checkpoint inhibitors,1905.64,15.2,15.4,293.12
2024-05-01,IMFINZI,US,PD-1/PD-L1 checkpoint inhibitors,1902.45,14.7,15.5,294.94
2024-06-01,IMFINZI,US,PD-1/PD-L1 checkpoint inhibitors,1835.3,16.3,17.0,311.97
2024-07-01,IMFINZI,US,PD-1/PD-L1 checkpoint inhibitors,1913.27,16.6,15.6,298.34
2024-08-01,IMFINZI,US,PD-1/PD-L1 checkpoint inhibitors,1915.27,15.1,16.4,314.79
2024-09-01,IMFINZI,US,PD-1/PD-L1 checkpoint inhibitors,1823.53,15.5,18.3,333.72
2024-10-01,IMFINZI,US,PD-1/PD-L1 checkpoint inhibitors,1917.25,13.3,18.5,354.57
2024-11-01,IMFINZI,US,PD-1/PD-L1 checkpoint inhibitors,1814.14,16.2,19.5,354.17
2024-12-01,IMFINZI,US,PD-1/PD-L1 checkpoint inhibitors,1821.74,15.6,21.2,385.98
2024-01-01,IMFINZI,CN,PD-1/PD-L1 checkpoint inhibitors,671.67,16.5,10.0,67.44
2024-02-01,IMFINZI,CN,PD-1/PD-L1 checkpoint inhibitors,640.63,16.0,10.6,67.67
2024-03-01,IMFINZI,CN,PD-1/PD-L1 checkpoint inhibitors,657.09,15.7,10.8,71.2
2024-04-01,IMFINZI,CN,PD-1/PD-L1 checkpoint inhibitors,668.1,13.6,10.8,72.04
2024-05-01,IMFINZI,CN,PD-1/PD-L1 checkpoint inhibitors,692.92,16.9,10.6,73.66
2024-06-01,IMFINZI,CN,PD-1/PD-L1 checkpoint inhibitors,699.1,14.8,11.3,79.21
2024-07-01,IMFINZI,CN,PD-1/PD-L1 checkpoint inhibitors,634.31,14.8,11.9,75.31
2024-08-01,IMFINZI,CN,PD-1/PD-L1 checkpoint inhibitors,652.85,14.9,12.1,78.77
2024-09-01,IMFINZI,CN,PD-1/PD-L1 checkpoint inhibitors,672.61,14.6,12.1,81.32
2024-10-01,IMFINZI,CN,PD-1/PD-L1 checkpoint inhibitors,637.88,15.0,13.7,87.14
2024-11-01,IMFINZI,CN,PD-1/PD-L1 checkpoint inhibitors,663.14,14.6,13.3,88.42
2024-12-01,IMFINZI,CN,PD-1/PD-L1 checkpoint inhibitors,671.99,16.9,14.0,94.11
2025-01-01,IMFINZI,US,PD-1/PD-L1 checkpoint inhibitors,2166.59,13.5,16.1,349.05
2025-02-01,IMFINZI,US,PD-1/PD-L1 checkpoint inhibitors,2079.7,16.6,17.3,360.0
2025-03-01,IMFINZI,US,PD-1/PD-L1 checkpoint inhibitors,2211.69,17.0,16.7,370.34
2025-04-01,IMFINZI,US,PD-1/PD-L1 checkpoint inhibitors,2035.45,14.0,18.1,368.04
2025-05-01,IMFINZI,US,PD-1/PD-L1 checkpoint inhibitors,2008.58,16.1,19.6,393.77
2025-06-01,IMFINZI,US,PD-1/PD-L1 checkpoint inhibitors,2099.44,15.0,19.7,414.47
2025-07-01,IMFINZI,US,PD-1/PD-L1 checkpoint inhibitors,2124.38,16.2,18.7,397.58
2025-08-01,IMFINZI,US,PD-1/PD-L1 checkpoint inhibitors,2027.19,13.9,20.0,405.31
2025-09-01,IMFINZI,US,PD-1/PD-L1 checkpoint inhibitors,2151.69,13.7,20.2,434.66
2025-10-01,IMFINZI,US,PD-1/PD-L1 checkpoint inhibitors,2166.44,14.5,20.6,446.69
2025-11-01,IMFINZI,US,PD-1/PD-L1 checkpoint inhibitors,2004.37,15.2,23.7,475.48
2025-12-01,IMFINZI,US,PD-1/PD-L1 checkpoint inhibitors,2155.56,13.0,23.4,504.51
2025-01-01,IMFINZI,CN,PD-1/PD-L1 checkpoint inhibitors,791.34,14.6,11.0,87.17
2025-02-01,IMFINZI,CN,PD-1/PD-L1 checkpoint inhibitors,778.49,13.5,11.6,90.05
2025-03-01,IMFINZI,CN,PD-1/PD-L1 checkpoint inhibitors,767.86,14.7,12.4,95.11
2025-04-01,IMFINZI,CN,PD-1/PD-L1 checkpoint inhibitors,800.11,14.1,11.6,92.62
2025-05-01,IMFINZI,CN,PD-1/PD-L1 checkpoint inhibitors,796.57,15.4,12.2,97.22
2025-06-01,IMFINZI,CN,PD-1/PD-L1 checkpoint inhibitors,794.2,16.5,12.7,100.62
2025-07-01,IMFINZI,CN,PD-1/PD-L1 checkpoint inhibitors,789.87,16.3,12.6,99.37
2025-08-01,IMFINZI,CN,PD-1/PD-L1 checkpoint inhibitors,730.45,15.0,13.5,98.76
2025-09-01,IMFINZI,CN,PD-1/PD-L1 checkpoint inhibitors,731.67,13.2,14.8,108.47
2025-10-01,IMFINZI,CN,PD-1/PD-L1 checkpoint inhibitors,766.57,16.8,14.6,112.17
2025-11-01,IMFINZI,CN,PD-1/PD-L1 checkpoint inhibitors,735.95,14.1,16.1,118.25
2025-12-01,IMFINZI,CN,PD-1/PD-L1 checkpoint inhibitors,746.7,16.5,16.9,126.19
2026-01-01,IMFINZI,US,PD-1/PD-L1 checkpoint inhibitors,2457.78,16.4,16.2,397.9
2026-02-01,IMFINZI,US,PD-1/PD-L1 checkpoint inhibitors,2395.87,15.0,17.1,410.66
2026-03-01,IMFINZI,US,PD-1/PD-L1 checkpoint inhibitors,2473.69,14.7,17.8,439.58
2026-04-01,IMFINZI,US,PD-1/PD-L1 checkpoint inhibitors,2515.5,16.6,17.6,443.98
2026-05-01,IMFINZI,US,PD-1/PD-L1 checkpoint inhibitors,2519.64,15.8,18.3,460.38
2026-06-01,IMFINZI,US,PD-1/PD-L1 checkpoint inhibitors,2497.32,16.3,19.5,486.95
2026-07-01,IMFINZI,US,PD-1/PD-L1 checkpoint inhibitors,2482.54,14.0,18.9,469.87
2026-08-01,IMFINZI,US,PD-1/PD-L1 checkpoint inhibitors,2394.19,15.0,20.2,482.65
2026-09-01,IMFINZI,US,PD-1/PD-L1 checkpoint inhibitors,2407.39,15.1,20.8,499.64
2026-10-01,IMFINZI,US,PD-1/PD-L1 checkpoint inhibitors,2373.78,15.2,22.4,532.12
2026-11-01,IMFINZI,US,PD-1/PD-L1 checkpoint inhibitors,2424.46,13.3,22.7,549.86
2026-12-01,IMFINZI,US,PD-1/PD-L1 checkpoint inhibitors,2344.65,15.0,25.1,588.39
2026-01-01,IMFINZI,CN,PD-1/PD-L1 checkpoint inhibitors,855.65,13.9,12.0,102.93
2026-02-01,IMFINZI,CN,PD-1/PD-L1 checkpoint inhibitors,914.25,16.3,11.5,105.08
2026-03-01,IMFINZI,CN,PD-1/PD-L1 checkpoint inhibitors,883.8,16.4,12.4,109.77
2026-04-01,IMFINZI,CN,PD-1/PD-L1 checkpoint inhibitors,918.55,13.5,12.1,111.59
2026-05-01,IMFINZI,CN,PD-1/PD-L1 checkpoint inhibitors,887.24,13.1,12.9,114.52
2026-06-01,IMFINZI,CN,PD-1/PD-L1 checkpoint inhibitors,878.23,16.3,13.8,120.96
2026-07-01,IMFINZI,CN,PD-1/PD-L1 checkpoint inhibitors,856.24,16.9,13.3,113.69
2026-08-01,IMFINZI,CN,PD-1/PD-L1 checkpoint inhibitors,895.93,13.0,13.1,117.41
2026-09-01,IMFINZI,CN,PD-1/PD-L1 checkpoint inhibitors,900.92,16.8,13.9,124.78
2026-10-01,IMFINZI,CN,PD-1/PD-L1 checkpoint inhibitors,860.38,16.1,15.6,134.02
2026-11-01,IMFINZI,CN,PD-1/PD-L1 checkpoint inhibitors,874.61,16.7,15.5,135.5
2026-12-01,IMFINZI,CN,PD-1/PD-L1 checkpoint inhibitors,880.17,14.5,16.4,144.18
2024-01-01,LYNPARZA,US,PARP inhibitors,466.84,9.0,46.4,216.39
2024-02-01,LYNPARZA,US,PARP inhibitors,452.4,8.6,48.2,218.21
2024-03-01,LYNPARZA,US,PARP inhibitors,457.95,9.1,51.5,235.81
2024-04-01,LYNPARZA,US,PARP inhibitors,466.0,7.8,49.9,232.68
2024-05-01,LYNPARZA,US,PARP inhibitors,472.75,9.7,51.2,242.17
2024-06-01,LYNPARZA,US,PARP inhibitors,472.84,8.9,53.7,253.74
2024-07-01,LYNPARZA,US,PARP inhibitors,453.06,9.4,53.1,240.75
2024-08-01,LYNPARZA,US,PARP inhibitors,457.45,7.6,54.5,249.48
2024-09-01,LYNPARZA,US,PARP inhibitors,461.18,6.5,57.8,266.42
2024-10-01,LYNPARZA,US,PARP inhibitors,458.34,8.9,60.8,278.52
2024-11-01,LYNPARZA,US,PARP inhibitors,451.09,8.6,63.3,285.53
2024-12-01,LYNPARZA,US,PARP inhibitors,462.28,7.2,65.5,303.01
2024-01-01,LYNPARZA,CN,PARP inhibitors,122.49,7.1,38.9,47.6
2024-02-01,LYNPARZA,CN,PARP inhibitors,120.83,7.7,40.7,49.18
2024-03-01,LYNPARZA,CN,PARP inhibitors,127.34,8.2,39.6,50.4
2024-04-01,LYNPARZA,CN,PARP inhibitors,127.4,7.7,39.9,50.87
2024-05-01,LYNPARZA,CN,PARP inhibitors,126.34,8.4,41.4,52.3
2024-06-01,LYNPARZA,CN,PARP inhibitors,125.45,9.1,44.8,56.22
2024-07-01,LYNPARZA,CN,PARP inhibitors,121.65,8.1,43.8,53.32
2024-08-01,LYNPARZA,CN,PARP inhibitors,128.56,7.1,42.8,55.01
2024-09-01,LYNPARZA,CN,PARP inhibitors,119.52,9.2,48.9,58.49
2024-10-01,LYNPARZA,CN,PARP inhibitors,120.5,7.7,51.3,61.81
2024-11-01,LYNPARZA,CN,PARP inhibitors,130.75,6.8,49.7,65.0
2024-12-01,LYNPARZA,CN,PARP inhibitors,119.22,6.6,56.6,67.51
2025-01-01,LYNPARZA,US,PARP inhibitors,513.26,7.1,37.7,193.3
2025-02-01,LYNPARZA,US,PARP inhibitors,471.31,7.4,41.3,194.55
2025-03-01,LYNPARZA,US,PARP inhibitors,495.09,7.3,41.3,204.66
2025-04-01,LYNPARZA,US,PARP inhibitors,496.14,7.3,41.2,204.4
2025-05-01,LYNPARZA,US,PARP inhibitors,476.85,7.2,45.3,216.0
2025-06-01,LYNPARZA,US,PARP inhibitors,477.85,7.6,48.5,231.85
2025-07-01,LYNPARZA,US,PARP inhibitors,487.26,7.1,45.0,219.26
2025-08-01,LYNPARZA,US,PARP inhibitors,490.65,7.8,45.0,220.91
2025-09-01,LYNPARZA,US,PARP inhibitors,482.77,7.8,49.7,239.81
2025-10-01,LYNPARZA,US,PARP inhibitors,517.46,6.8,49.3,255.1
2025-11-01,LYNPARZA,US,PARP inhibitors,473.86,7.8,53.8,254.91
2025-12-01,LYNPARZA,US,PARP inhibitors,498.56,8.2,54.2,270.4
2025-01-01,LYNPARZA,CN,PARP inhibitors,139.6,8.8,30.1,42.07
2025-02-01,LYNPARZA,CN,PARP inhibitors,136.01,8.8,31.7,43.05
2025-03-01,LYNPARZA,CN,PARP inhibitors,138.3,7.7,33.6,46.52
2025-04-01,LYNPARZA,CN,PARP inhibitors,131.63,7.9,34.9,45.91
2025-05-01,LYNPARZA,CN,PARP inhibitors,135.46,6.6,34.5,46.72
2025-06-01,LYNPARZA,CN,PARP inhibitors,141.0,7.5,36.0,50.83
2025-07-01,LYNPARZA,CN,PARP inhibitors,128.87,6.5,37.5,48.39
2025-08-01,LYNPARZA,CN,PARP inhibitors,136.55,8.3,36.5,49.82
2025-09-01,LYNPARZA,CN,PARP inhibitors,129.75,9.3,39.9,51.83
2025-10-01,LYNPARZA,CN,PARP inhibitors,138.17,6.5,40.5,55.95
2025-11-01,LYNPARZA,CN,PARP inhibitors,139.87,9.7,40.9,57.2
2025-12-01,LYNPARZA,CN,PARP inhibitors,132.39,7.9,45.0,59.58
2026-01-01,LYNPARZA,US,PARP inhibitors,531.08,8.3,32.9,174.59
2026-02-01,LYNPARZA,US,PARP inhibitors,552.69,9.5,31.9,176.23
2026-03-01,LYNPARZA,US,PARP inhibitors,510.47,9.3,36.7,187.12
2026-04-01,LYNPARZA,US,PARP inhibitors,508.08,8.6,37.6,191.21
2026-05-01,LYNPARZA,US,PARP inhibitors,557.62,9.4,35.2,196.27
2026-06-01,LYNPARZA,US,PARP inhibitors,551.34,8.4,37.5,206.94
2026-07-01,LYNPARZA,US,PARP inhibitors,510.98,9.1,38.0,193.95
2026-08-01,LYNPARZA,US,PARP inhibitors,541.02,9.4,37.5,203.15
2026-09-01,LYNPARZA,US,PARP inhibitors,547.49,9.5,39.1,214.06
2026-10-01,LYNPARZA,US,PARP inhibitors,552.6,6.8,40.7,224.79
2026-11-01,LYNPARZA,US,PARP inhibitors,558.93,7.8,42.9,239.81
2026-12-01,LYNPARZA,US,PARP inhibitors,513.26,6.5,48.6,249.27
2026-01-01,LYNPARZA,CN,PARP inhibitors,141.18,6.1,27.2,38.44
2026-02-01,LYNPARZA,CN,PARP inhibitors,144.21,7.7,27.5,39.68
2026-03-01,LYNPARZA,CN,PARP inhibitors,141.67,9.2,29.5,41.81
2026-04-01,LYNPARZA,CN,PARP inhibitors,147.28,9.9,28.2,41.59
2026-05-01,LYNPARZA,CN,PARP inhibitors,143.65,8.1,29.9,43.0
2026-06-01,LYNPARZA,CN,PARP inhibitors,142.71,8.9,32.3,46.08
2026-07-01,LYNPARZA,CN,PARP inhibitors,144.1,7.3,30.3,43.6
2026-08-01,LYNPARZA,CN,PARP inhibitors,148.33,6.4,29.9,44.34
2026-09-01,LYNPARZA,CN,PARP inhibitors,142.54,6.9,33.6,47.87
2026-10-01,LYNPARZA,CN,PARP inhibitors,147.89,7.3,34.3,50.74
2026-11-01,LYNPARZA,CN,PARP inhibitors,152.28,8.4,34.2,52.14
2026-12-01,LYNPARZA,CN,PARP inhibitors,146.19,7.1,37.4,54.63
2024-01-01,CALQUENCE,US,BTK inhibitors,767.81,9.0,24.3,186.78
2024-02-01,CALQUENCE,US,BTK inhibitors,726.31,8.2,26.8,194.32
2024-03-01,CALQUENCE,US,BTK inhibitors,756.32,11.8,26.4,199.33
2024-04-01,CALQUENCE,US,BTK inhibitors,754.88,11.2,27.2,205.48
2024-05-01,CALQUENCE,US,BTK inhibitors,714.33,9.1,29.2,208.94
2024-06-01,CALQUENCE,US,BTK inhibitors,712.79,11.7,30.7,218.59
2024-07-01,CALQUENCE,US,BTK inhibitors,727.67,8.1,29.5,214.58
2024-08-01,CALQUENCE,US,BTK inhibitors,758.98,9.9,28.1,213.47
2024-09-01,CALQUENCE,US,BTK inhibitors,719.71,10.2,31.8,228.53
2024-10-01,CALQUENCE,US,BTK inhibitors,730.17,9.3,32.8,239.78
2024-11-01,CALQUENCE,US,BTK inhibitors,764.21,11.8,33.6,256.76
2024-12-01,CALQUENCE,US,BTK inhibitors,722.19,11.5,37.2,268.52
2024-01-01,CALQUENCE,CN,BTK inhibitors,144.1,9.9,22.7,32.7
2024-02-01,CALQUENCE,CN,BTK inhibitors,143.96,11.6,23.6,33.95
2024-03-01,CALQUENCE,CN,BTK inhibitors,148.59,8.4,24.1,35.79
2024-04-01,CALQUENCE,CN,BTK inhibitors,155.87,9.0,22.8,35.5
2024-05-01,CALQUENCE,CN,BTK inhibitors,145.76,11.1,25.0,36.47
2024-06-01,CALQUENCE,CN,BTK inhibitors,153.67,8.5,25.3,38.9
2024-07-01,CALQUENCE,CN,BTK inhibitors,146.49,9.9,25.3,37.11
2024-08-01,CALQUENCE,CN,BTK inhibitors,143.27,8.6,26.7,38.28
2024-09-01,CALQUENCE,CN,BTK inhibitors,143.53,8.2,28.3,40.65
2024-10-01,CALQUENCE,CN,BTK inhibitors,152.13,8.8,28.1,42.68
2024-11-01,CALQUENCE,CN,BTK inhibitors,146.32,11.4,30.2,44.18
2024-12-01,CALQUENCE,CN,BTK inhibitors,152.05,10.3,31.1,47.31
2025-01-01,CALQUENCE,US,BTK inhibitors,830.36,11.3,25.2,208.91
2025-02-01,CALQUENCE,US,BTK inhibitors,833.5,10.4,25.9,215.75
2025-03-01,CALQUENCE,US,BTK inhibitors,787.33,9.8,29.5,232.32
2025-04-01,CALQUENCE,US,BTK inhibitors,792.98,10.4,28.9,228.84
2025-05-01,CALQUENCE,US,BTK inhibitors,795.96,9.8,29.7,236.69
2025-06-01,CALQUENCE,US,BTK inhibitors,833.2,10.3,30.5,253.75
2025-07-01,CALQUENCE,US,BTK inhibitors,848.72,9.3,28.0,238.04
2025-08-01,CALQUENCE,US,BTK inhibitors,838.86,8.4,29.7,249.28
2025-09-01,CALQUENCE,US,BTK inhibitors,807.5,8.7,32.6,263.56
2025-10-01,CALQUENCE,US,BTK inhibitors,848.91,8.4,32.5,275.78
2025-11-01,CALQUENCE,US,BTK inhibitors,861.33,8.7,32.7,281.46
2025-12-01,CALQUENCE,US,BTK inhibitors,798.38,11.3,38.4,306.61
2025-01-01,CALQUENCE,CN,BTK inhibitors,160.22,8.6,23.3,37.26
2025-02-01,CALQUENCE,CN,BTK inhibitors,169.59,11.2,22.8,38.66
2025-03-01,CALQUENCE,CN,BTK inhibitors,163.65,8.4,24.9,40.78
2025-04-01,CALQUENCE,CN,BTK inhibitors,159.18,10.8,25.2,40.04
2025-05-01,CALQUENCE,CN,BTK inhibitors,172.93,10.8,23.7,40.9
2025-06-01,CALQUENCE,CN,BTK inhibitors,167.17,9.9,25.9,43.22
2025-07-01,CALQUENCE,CN,BTK inhibitors,159.23,11.7,26.1,41.62
2025-08-01,CALQUENCE,CN,BTK inhibitors,172.55,9.6,24.9,42.88
2025-09-01,CALQUENCE,CN,BTK inhibitors,165.0,9.3,27.7,45.74
2025-10-01,CALQUENCE,CN,BTK inhibitors,164.37,8.2,30.1,49.45
2025-11-01,CALQUENCE,CN,BTK inhibitors,167.1,11.6,29.9,50.03
2025-12-01,CALQUENCE,CN,BTK inhibitors,171.93,11.7,30.7,52.84
2026-01-01,CALQUENCE,US,BTK inhibitors,950.65,9.4,24.4,231.69
2026-02-01,CALQUENCE,US,BTK inhibitors,928.45,9.7,25.9,240.5
2026-03-01,CALQUENCE,US,BTK inhibitors,949.0,11.7,26.4,250.73
2026-04-01,CALQUENCE,US,BTK inhibitors,942.41,9.1,27.5,258.83
2026-05-01,CALQUENCE,US,BTK inhibitors,895.67,9.7,28.9,259.28
2026-06-01,CALQUENCE,US,BTK inhibitors,905.63,10.2,31.1,281.25
2026-07-01,CALQUENCE,US,BTK inhibitors,890.17,9.9,29.5,262.21
2026-08-01,CALQUENCE,US,BTK inhibitors,864.65,9.2,31.0,268.17
2026-09-01,CALQUENCE,US,BTK inhibitors,935.04,10.6,31.1,291.08
2026-10-01,CALQUENCE,US,BTK inhibitors,882.11,10.8,35.4,312.55
2026-11-01,CALQUENCE,US,BTK inhibitors,936.54,9.4,34.1,319.35
2026-12-01,CALQUENCE,US,BTK inhibitors,933.72,11.0,35.6,332.59
2026-01-01,CALQUENCE,CN,BTK inhibitors,186.15,11.3,22.0,41.04
2026-02-01,CALQUENCE,CN,BTK inhibitors,181.77,8.4,23.7,43.09
2026-03-01,CALQUENCE,CN,BTK inhibitors,185.66,12.0,24.1,44.66
2026-04-01,CALQUENCE,CN,BTK inhibitors,179.61,10.7,25.3,45.51
2026-05-01,CALQUENCE,CN,BTK inhibitors,178.94,11.3,25.4,45.53
2026-06-01,CALQUENCE,CN,BTK inhibitors,178.98,10.3,27.2,48.74
2026-07-01,CALQUENCE,CN,BTK inhibitors,178.36,9.6,26.1,46.63
2026-08-01,CALQUENCE,CN,BTK inhibitors,173.18,11.7,27.5,47.68
2026-09-01,CALQUENCE,CN,BTK inhibitors,189.15,11.7,26.7,50.41
2026-10-01,CALQUENCE,CN,BTK inhibitors,176.58,8.9,30.5,53.88
2026-11-01,CALQUENCE,CN,BTK inhibitors,185.93,8.6,29.8,55.32
2026-12-01,CALQUENCE,CN,BTK inhibitors,182.76,9.6,33.1,60.5
2024-01-01,ENHERTU,US,HER2-targeted ADCs,516.96,23.8,22.4,115.8
2024-02-01,ENHERTU,US,HER2-targeted ADCs,507.06,23.9,23.5,119.34
2024-03-01,ENHERTU,US,HER2-targeted ADCs,494.82,23.2,25.5,125.98
2024-04-01,ENHERTU,US,HER2-targeted ADCs,478.5,23.6,26.1,124.98
2024-05-01,ENHERTU,US,HER2-targeted ADCs,496.48,23.9,26.1,129.68
2024-06-01,ENHERTU,US,HER2-targeted ADCs,484.24,26.4,29.3,142.07
2024-07-01,ENHERTU,US,HER2-targeted ADCs,477.31,23.3,27.4,130.82
2024-08-01,ENHERTU,US,HER2-targeted ADCs,514.5,23.6,26.2,134.72
2024-09-01,ENHERTU,US,HER2-targeted ADCs,504.52,23.6,28.5,143.89
2024-10-01,ENHERTU,US,HER2-targeted ADCs,475.81,26.1,32.2,153.14
2024-11-01,ENHERTU,US,HER2-targeted ADCs,493.09,26.0,32.8,161.52
2024-12-01,ENHERTU,US,HER2-targeted ADCs,490.57,26.9,34.5,169.39
2024-01-01,ENHERTU,CN,HER2-targeted ADCs,128.82,25.7,18.4,23.64
2024-02-01,ENHERTU,CN,HER2-targeted ADCs,127.1,26.2,19.2,24.34
2024-03-01,ENHERTU,CN,HER2-targeted ADCs,121.23,23.2,21.7,26.29
2024-04-01,ENHERTU,CN,HER2-targeted ADCs,125.57,25.2,20.7,25.98
2024-05-01,ENHERTU,CN,HER2-targeted ADCs,121.41,27.0,21.8,26.48
2024-06-01,ENHERTU,CN,HER2-targeted ADCs,122.43,25.0,23.8,29.12
2024-07-01,ENHERTU,CN,HER2-targeted ADCs,124.47,25.5,22.0,27.38
2024-08-01,ENHERTU,CN,HER2-targeted ADCs,119.38,26.9,23.9,28.54
2024-09-01,ENHERTU,CN,HER2-targeted ADCs,125.07,24.2,23.9,29.83
2024-10-01,ENHERTU,CN,HER2-targeted ADCs,123.74,26.9,25.9,32.05
2024-11-01,ENHERTU,CN,HER2-targeted ADCs,123.47,24.2,26.4,32.61
2024-12-01,ENHERTU,CN,HER2-targeted ADCs,125.78,24.7,26.9,33.86
2025-01-01,ENHERTU,US,HER2-targeted ADCs,605.05,26.1,27.2,164.82
2025-02-01,ENHERTU,US,HER2-targeted ADCs,620.45,25.3,26.7,165.38
2025-03-01,ENHERTU,US,HER2-targeted ADCs,643.3,24.5,28.3,182.3
2025-04-01,ENHERTU,US,HER2-targeted ADCs,629.1,26.4,28.5,179.44
2025-05-01,ENHERTU,US,HER2-targeted ADCs,606.92,26.7,30.0,181.93
2025-06-01,ENHERTU,US,HER2-targeted ADCs,602.67,24.8,32.3,194.5
2025-07-01,ENHERTU,US,HER2-targeted ADCs,644.66,25.0,28.4,183.38
2025-08-01,ENHERTU,US,HER2-targeted ADCs,633.25,24.2,30.5,193.13
2025-09-01,ENHERTU,US,HER2-targeted ADCs,645.49,24.7,31.3,202.18
2025-10-01,ENHERTU,US,HER2-targeted ADCs,627.52,25.9,34.7,217.64
2025-11-01,ENHERTU,US,HER2-targeted ADCs,638.23,24.9,34.9,222.67
2025-12-01,ENHERTU,US,HER2-targeted ADCs,597.18,25.7,39.2,234.33
2025-01-01,ENHERTU,CN,HER2-targeted ADCs,159.83,24.5,20.9,33.47
2025-02-01,ENHERTU,CN,HER2-targeted ADCs,156.98,26.9,21.7,34.13
2025-03-01,ENHERTU,CN,HER2-targeted ADCs,162.03,24.6,22.8,36.9
2025-04-01,ENHERTU,CN,HER2-targeted ADCs,156.28,25.2,23.2,36.18
2025-05-01,ENHERTU,CN,HER2-targeted ADCs,160.28,26.0,23.7,37.91
2025-06-01,ENHERTU,CN,HER2-targeted ADCs,159.3,26.8,25.5,40.58
2025-07-01,ENHERTU,CN,HER2-targeted ADCs,163.17,25.5,23.8,38.81
2025-08-01,ENHERTU,CN,HER2-targeted ADCs,151.08,26.9,25.9,39.14
2025-09-01,ENHERTU,CN,HER2-targeted ADCs,157.88,26.9,26.0,40.99
2025-10-01,ENHERTU,CN,HER2-targeted ADCs,162.34,26.0,27.0,43.91
2025-11-01,ENHERTU,CN,HER2-targeted ADCs,159.07,26.2,29.1,46.35
2025-12-01,ENHERTU,CN,HER2-targeted ADCs,158.59,26.6,30.2,47.92
2026-01-01,ENHERTU,US,HER2-targeted ADCs,810.06,25.2,25.8,209.18
2026-02-01,ENHERTU,US,HER2-targeted ADCs,784.72,23.5,27.7,217.1
2026-03-01,ENHERTU,US,HER2-targeted ADCs,787.45,23.8,29.1,229.41
2026-04-01,ENHERTU,US,HER2-targeted ADCs,778.82,25.3,29.7,231.38
2026-05-01,ENHERTU,US,HER2-targeted ADCs,805.04,25.6,29.3,235.86
2026-06-01,ENHERTU,US,HER2-targeted ADCs,803.91,23.8,30.7,246.84
2026-07-01,ENHERTU,US,HER2-targeted ADCs,817.62,25.4,29.4,240.64
2026-08-01,ENHERTU,US,HER2-targeted ADCs,803.52,25.5,30.4,244.27
2026-09-01,ENHERTU,US,HER2-targeted ADCs,789.84,26.2,33.6,265.11
2026-10-01,ENHERTU,US,HER2-targeted ADCs,749.3,25.7,37.7,282.56
2026-11-01,ENHERTU,US,HER2-targeted ADCs,754.51,26.7,37.5,282.84
2026-12-01,ENHERTU,US,HER2-targeted ADCs,744.36,24.5,41.0,305.17
2026-01-01,ENHERTU,CN,HER2-targeted ADCs,198.94,25.7,21.3,42.39
2026-02-01,ENHERTU,CN,HER2-targeted ADCs,191.23,23.0,23.5,44.9
2026-03-01,ENHERTU,CN,HER2-targeted ADCs,196.35,23.3,23.7,46.52
2026-04-01,ENHERTU,CN,HER2-targeted ADCs,195.02,23.7,23.6,46.07
2026-05-01,ENHERTU,CN,HER2-targeted ADCs,187.93,25.4,25.4,47.8
2026-06-01,ENHERTU,CN,HER2-targeted ADCs,193.88,23.7,26.6,51.57
2026-07-01,ENHERTU,CN,HER2-targeted ADCs,201.83,23.7,24.1,48.69
2026-08-01,ENHERTU,CN,HER2-targeted ADCs,192.34,23.1,26.0,49.92
2026-09-01,ENHERTU,CN,HER2-targeted ADCs,202.11,24.0,27.0,54.47
2026-10-01,ENHERTU,CN,HER2-targeted ADCs,198.5,24.8,28.3,56.21
2026-11-01,ENHERTU,CN,HER2-targeted ADCs,197.96,24.6,30.0,59.33
2026-12-01,ENHERTU,CN,HER2-targeted ADCs,196.78,25.8,31.7,62.46
2024-01-01,KOSELUGO,US,MEK inhibitors,104.39,19.4,34.9,36.44
2024-02-01,KOSELUGO,US,MEK inhibitors,100.3,17.0,37.5,37.57
2024-03-01,KOSELUGO,US,MEK inhibitors,97.19,19.5,41.2,40.01
2024-04-01,KOSELUGO,US,MEK inhibitors,104.1,17.9,39.1,40.68
2024-05-01,KOSELUGO,US,MEK inhibitors,98.73,16.3,43.2,42.65
2024-06-01,KOSELUGO,US,MEK inhibitors,97.85,18.0,45.8,44.79
2024-07-01,KOSELUGO,US,MEK inhibitors,99.35,16.5,43.3,43.0
2024-08-01,KOSELUGO,US,MEK inhibitors,99.65,18.5,43.5,43.34
2024-09-01,KOSELUGO,US,MEK inhibitors,103.98,18.8,44.2,45.91
2024-10-01,KOSELUGO,US,MEK inhibitors,99.52,16.5,50.1,49.9
2024-11-01,KOSELUGO,US,MEK inhibitors,96.41,19.9,51.8,49.95
2024-12-01,KOSELUGO,US,MEK inhibitors,104.06,19.4,52.0,54.14
2024-01-01,KOSELUGO,CN,MEK inhibitors,24.26,16.5,20.5,4.98
2024-02-01,KOSELUGO,CN,MEK inhibitors,25.42,16.1,20.7,5.25
2024-03-01,KOSELUGO,CN,MEK inhibitors,24.69,18.4,22.6,5.58
2024-04-01,KOSELUGO,CN,MEK inhibitors,25.53,16.7,21.9,5.58
2024-05-01,KOSELUGO,CN,MEK inhibitors,25.49,18.2,22.4,5.71
2024-06-01,KOSELUGO,CN,MEK inhibitors,24.1,18.9,25.5,6.14
2024-07-01,KOSELUGO,CN,MEK inhibitors,24.63,18.8,23.4,5.77
2024-08-01,KOSELUGO,CN,MEK inhibitors,24.71,17.4,24.2,5.99
2024-09-01,KOSELUGO,CN,MEK inhibitors,25.39,16.2,24.6,6.25
2024-10-01,KOSELUGO,CN,MEK inhibitors,24.16,16.9,27.9,6.74
2024-11-01,KOSELUGO,CN,MEK inhibitors,24.0,17.9,28.9,6.93
2024-12-01,KOSELUGO,CN,MEK inhibitors,24.62,17.2,29.3,7.21
2025-01-01,KOSELUGO,US,MEK inhibitors,117.63,19.3,47.5,55.82
2025-02-01,KOSELUGO,US,MEK inhibitors,118.44,18.9,49.3,58.43
2025-03-01,KOSELUGO,US,MEK inhibitors,123.35,16.0,48.9,60.29
2025-04-01,KOSELUGO,US,MEK inhibitors,115.87,17.3,53.3,61.78
2025-05-01,KOSELUGO,US,MEK inhibitors,118.08,19.5,53.1,62.71
2025-06-01,KOSELUGO,US,MEK inhibitors,121.0,17.7,53.9,65.27
2025-07-01,KOSELUGO,US,MEK inhibitors,114.86,16.1,55.7,63.99
2025-08-01,KOSELUGO,US,MEK inhibitors,114.12,18.5,56.3,64.25
2025-09-01,KOSELUGO,US,MEK inhibitors,115.63,17.9,59.8,69.15
2025-10-01,KOSELUGO,US,MEK inhibitors,121.62,19.8,59.5,72.35
2025-11-01,KOSELUGO,US,MEK inhibitors,114.56,19.4,67.0,76.71
2025-12-01,KOSELUGO,US,MEK inhibitors,115.44,18.7,71.0,81.95
2025-01-01,KOSELUGO,CN,MEK inhibitors,28.88,19.7,26.2,7.56
2025-02-01,KOSELUGO,CN,MEK inhibitors,29.34,16.9,26.4,7.75
2025-03-01,KOSELUGO,CN,MEK inhibitors,29.49,17.0,28.3,8.35
2025-04-01,KOSELUGO,CN,MEK inhibitors,29.36,18.0,28.0,8.22
2025-05-01,KOSELUGO,CN,MEK inhibitors,30.19,18.2,27.9,8.41
2025-06-01,KOSELUGO,CN,MEK inhibitors,30.17,20.0,30.3,9.13
2025-07-01,KOSELUGO,CN,MEK inhibitors,29.94,17.6,28.3,8.48
2025-08-01,KOSELUGO,CN,MEK inhibitors,29.97,19.3,29.5,8.85
2025-09-01,KOSELUGO,CN,MEK inhibitors,29.03,18.0,32.3,9.38
2025-10-01,KOSELUGO,CN,MEK inhibitors,28.97,18.9,34.6,10.03
2025-11-01,KOSELUGO,CN,MEK inhibitors,28.05,18.0,36.9,10.34
2025-12-01,KOSELUGO,CN,MEK inhibitors,28.51,16.7,37.9,10.81
2026-01-01,KOSELUGO,US,MEK inhibitors,134.47,19.3,55.6,74.76
2026-02-01,KOSELUGO,US,MEK inhibitors,135.84,17.7,57.5,78.14
2026-03-01,KOSELUGO,US,MEK inhibitors,135.0,17.5,59.6,80.47
2026-04-01,KOSELUGO,US,MEK inhibitors,132.71,19.5,61.7,81.83
2026-05-01,KOSELUGO,US,MEK inhibitors,140.58,17.5,59.6,83.8
2026-06-01,KOSELUGO,US,MEK inhibitors,134.77,16.2,66.0,88.93
2026-07-01,KOSELUGO,US,MEK inhibitors,136.66,16.3,60.9,83.19
2026-08-01,KOSELUGO,US,MEK inhibitors,138.81,18.9,63.2,87.78
2026-09-01,KOSELUGO,US,MEK inhibitors,136.08,19.8,69.0,93.91
2026-10-01,KOSELUGO,US,MEK inhibitors,143.44,18.9,67.3,96.55
2026-11-01,KOSELUGO,US,MEK inhibitors,138.7,18.7,72.5,100.5
2026-12-01,KOSELUGO,US,MEK inhibitors,136.06,17.4,77.5,105.43
2026-01-01,KOSELUGO,CN,MEK inhibitors,35.37,16.1,29.0,10.26
2026-02-01,KOSELUGO,CN,MEK inhibitors,35.28,18.2,29.6,10.43
2026-03-01,KOSELUGO,CN,MEK inhibitors,33.35,17.0,33.2,11.06
2026-04-01,KOSELUGO,CN,MEK inhibitors,36.49,18.1,30.3,11.06
2026-05-01,KOSELUGO,CN,MEK inhibitors,35.08,19.7,32.4,11.36
2026-06-01,KOSELUGO,CN,MEK inhibitors,33.42,19.0,35.8,11.95
2026-07-01,KOSELUGO,CN,MEK inhibitors,36.01,19.3,32.2,11.59
2026-08-01,KOSELUGO,CN,MEK inhibitors,34.24,17.6,34.2,11.72
2026-09-01,KOSELUGO,CN,MEK inhibitors,35.84,17.6,35.8,12.83
2026-10-01,KOSELUGO,CN,MEK inhibitors,34.6,19.6,39.1,13.52
2026-11-01,KOSELUGO,CN,MEK inhibitors,35.1,17.4,39.8,13.96
2026-12-01,KOSELUGO,CN,MEK inhibitors,34.0,17.6,42.9,14.59
2024-01-01,TRUQAP,US,AKT inhibitors,64.35,28.8,19.3,12.43
2024-02-01,TRUQAP,US,AKT inhibitors,63.36,30.8,20.6,13.06
2024-03-01,TRUQAP,US,AKT inhibitors,65.67,28.9,21.2,13.9
2024-04-01,TRUQAP,US,AKT inhibitors,66.35,31.5,21.1,13.98
2024-05-01,TRUQAP,US,AKT inhibitors,66.27,30.6,21.5,14.23
2024-06-01,TRUQAP,US,AKT inhibitors,65.48,28.8,22.9,15.0
2024-07-01,TRUQAP,US,AKT inhibitors,64.33,30.5,22.0,14.16
2024-08-01,TRUQAP,US,AKT inhibitors,65.69,30.4,23.0,15.09
2024-09-01,TRUQAP,US,AKT inhibitors,67.93,30.1,23.5,15.98
2024-10-01,TRUQAP,US,AKT inhibitors,66.83,30.2,25.0,16.68
2024-11-01,TRUQAP,US,AKT inhibitors,68.56,29.4,25.4,17.43
2024-12-01,TRUQAP,US,AKT inhibitors,66.68,28.7,27.0,18.0
2024-01-01,TRUQAP,CN,AKT inhibitors,8.6,29.0,16.4,1.41
2024-02-01,TRUQAP,CN,AKT inhibitors,8.34,30.7,17.2,1.43
2024-03-01,TRUQAP,CN,AKT inhibitors,8.08,30.4,19.2,1.55
2024-04-01,TRUQAP,CN,AKT inhibitors,8.36,31.1,18.7,1.56
2024-05-01,TRUQAP,CN,AKT inhibitors,8.16,29.1,19.3,1.57
2024-06-01,TRUQAP,CN,AKT inhibitors,8.03,29.8,21.2,1.7
2024-07-01,TRUQAP,CN,AKT inhibitors,8.4,28.9,19.2,1.61
2024-08-01,TRUQAP,CN,AKT inhibitors,8.52,29.6,19.7,1.68
2024-09-01,TRUQAP,CN,AKT inhibitors,8.48,28.5,20.8,1.76
2024-10-01,TRUQAP,CN,AKT inhibitors,8.12,28.3,22.5,1.83
2024-11-01,TRUQAP,CN,AKT inhibitors,8.53,29.7,22.7,1.94
2024-12-01,TRUQAP,CN,AKT inhibitors,8.29,28.7,24.0,1.99
2025-01-01,TRUQAP,US,AKT inhibitors,84.02,29.1,30.7,25.82
2025-02-01,TRUQAP,US,AKT inhibitors,82.85,29.0,31.5,26.11
2025-03-01,TRUQAP,US,AKT inhibitors,89.94,28.4,30.6,27.54
2025-04-01,TRUQAP,US,AKT inhibitors,85.79,28.8,32.8,28.18
2025-05-01,TRUQAP,US,AKT inhibitors,89.98,31.9,31.3,28.2
2025-06-01,TRUQAP,US,AKT inhibitors,83.87,31.5,35.7,29.92
2025-07-01,TRUQAP,US,AKT inhibitors,84.17,28.7,34.0,28.58
2025-08-01,TRUQAP,US,AKT inhibitors,89.86,30.2,32.4,29.11
2025-09-01,TRUQAP,US,AKT inhibitors,83.91,28.9,37.4,31.36
2025-10-01,TRUQAP,US,AKT inhibitors,85.49,28.1,38.5,32.95
2025-11-01,TRUQAP,US,AKT inhibitors,84.72,29.5,41.2,34.94
2025-12-01,TRUQAP,US,AKT inhibitors,89.26,28.5,40.8,36.41
2025-01-01,TRUQAP,CN,AKT inhibitors,10.81,29.2,26.5,2.86
2025-02-01,TRUQAP,CN,AKT inhibitors,11.12,28.3,26.3,2.92
2025-03-01,TRUQAP,CN,AKT inhibitors,10.89,30.9,28.1,3.06
2025-04-01,TRUQAP,CN,AKT inhibitors,10.49,30.5,29.0,3.04
2025-05-01,TRUQAP,CN,AKT inhibitors,10.62,29.0,29.6,3.14
2025-06-01,TRUQAP,CN,AKT inhibitors,10.41,29.5,31.8,3.31
2025-07-01,TRUQAP,CN,AKT inhibitors,10.47,28.4,30.1,3.15
2025-08-01,TRUQAP,CN,AKT inhibitors,11.35,29.6,29.1,3.3
2025-09-01,TRUQAP,CN,AKT inhibitors,11.11,30.6,31.2,3.47
2025-10-01,TRUQAP,CN,AKT inhibitors,10.48,29.0,35.5,3.72
2025-11-01,TRUQAP,CN,AKT inhibitors,10.71,28.7,35.5,3.8
2025-12-01,TRUQAP,CN,AKT inhibitors,10.94,30.0,37.2,4.07
2026-01-01,TRUQAP,US,AKT inhibitors,107.06,29.9,41.3,44.25
2026-02-01,TRUQAP,US,AKT inhibitors,116.15,29.0,39.0,45.29
2026-03-01,TRUQAP,US,AKT inhibitors,118.09,30.6,41.5,48.95
2026-04-01,TRUQAP,US,AKT inhibitors,116.01,28.9,41.4,48.04
2026-05-01,TRUQAP,US,AKT inhibitors,110.17,31.5,45.6,50.2
2026-06-01,TRUQAP,US,AKT inhibitors,109.03,30.7,48.8,53.18
2026-07-01,TRUQAP,US,AKT inhibitors,109.68,29.4,46.0,50.46
2026-08-01,TRUQAP,US,AKT inhibitors,112.28,31.6,46.3,51.97
2026-09-01,TRUQAP,US,AKT inhibitors,108.97,29.3,51.1,55.71
2026-10-01,TRUQAP,US,AKT inhibitors,109.25,28.3,53.7,58.63
2026-11-01,TRUQAP,US,AKT inhibitors,115.19,28.4,51.5,59.37
2026-12-01,TRUQAP,US,AKT inhibitors,109.86,31.9,57.6,63.28
2026-01-01,TRUQAP,CN,AKT inhibitors,13.96,29.7,35.9,5.01
2026-02-01,TRUQAP,CN,AKT inhibitors,14.42,30.4,34.9,5.03
2026-03-01,TRUQAP,CN,AKT inhibitors,13.54,28.1,39.8,5.39
2026-04-01,TRUQAP,CN,AKT inhibitors,14.52,30.4,37.3,5.41
2026-05-01,TRUQAP,CN,AKT inhibitors,13.96,31.0,40.3,5.62
2026-06-01,TRUQAP,CN,AKT inhibitors,14.67,30.4,39.9,5.85
2026-07-01,TRUQAP,CN,AKT inhibitors,14.62,28.6,37.8,5.53
2026-08-01,TRUQAP,CN,AKT inhibitors,14.59,28.3,39.1,5.71
2026-09-01,TRUQAP,CN,AKT inhibitors,14.66,30.4,41.0,6.01
2026-10-01,TRUQAP,CN,AKT inhibitors,14.37,28.1,45.8,6.58
2026-11-01,TRUQAP,CN,AKT inhibitors,13.86,29.7,47.5,6.58
2026-12-01,TRUQAP,CN,AKT inhibitors,14.58,29.1,48.3,7.04
2024-01-01,FARXIGA,US,SGLT2 inhibitors,1572.43,12.7,26.4,415.78
2024-02-01,FARXIGA,US,SGLT2 inhibitors,1564.25,14.5,28.0,437.45
2024-03-01,FARXIGA,US,SGLT2 inhibitors,1487.34,16.0,30.6,455.11
2024-04-01,FARXIGA,US,SGLT2 inhibitors,1554.01,15.8,30.2,468.65
2024-05-01,FARXIGA,US,SGLT2 inhibitors,1520.83,12.5,31.1,472.22
2024-06-01,FARXIGA,US,SGLT2 inhibitors,1450.9,14.2,34.3,497.21
2024-07-01,FARXIGA,US,SGLT2 inhibitors,1558.28,13.1,31.4,489.92
2024-08-01,FARXIGA,US,SGLT2 inhibitors,1530.3,14.2,31.8,487.2
2024-09-01,FARXIGA,US,SGLT2 inhibitors,1446.15,12.1,35.7,515.94
2024-10-01,FARXIGA,US,SGLT2 inhibitors,1494.31,13.6,37.9,566.49
2024-11-01,FARXIGA,US,SGLT2 inhibitors,1482.11,14.4,39.2,580.79
2024-12-01,FARXIGA,US,SGLT2 inhibitors,1520.5,15.9,39.6,601.98
2024-01-01,FARXIGA,CN,SGLT2 inhibitors,406.11,15.4,29.4,119.28
2024-02-01,FARXIGA,CN,SGLT2 inhibitors,434.06,12.3,28.1,121.81
2024-03-01,FARXIGA,CN,SGLT2 inhibitors,436.66,14.3,29.3,128.0
2024-04-01,FARXIGA,CN,SGLT2 inhibitors,402.9,14.8,31.7,127.82
2024-05-01,FARXIGA,CN,SGLT2 inhibitors,430.96,15.0,30.6,131.84
2024-06-01,FARXIGA,CN,SGLT2 inhibitors,425.36,14.4,32.9,139.93
2024-07-01,FARXIGA,CN,SGLT2 inhibitors,414.87,13.3,33.1,137.35
2024-08-01,FARXIGA,CN,SGLT2 inhibitors,415.44,13.7,33.2,137.72
2024-09-01,FARXIGA,CN,SGLT2 inhibitors,433.14,15.6,34.1,147.59
2024-10-01,FARXIGA,CN,SGLT2 inhibitors,425.1,14.4,37.2,158.09
2024-11-01,FARXIGA,CN,SGLT2 inhibitors,402.93,12.9,39.8,160.32
2024-12-01,FARXIGA,CN,SGLT2 inhibitors,410.0,14.0,41.9,171.86
2025-01-01,FARXIGA,US,SGLT2 inhibitors,1671.11,14.7,27.7,462.64
2025-02-01,FARXIGA,US,SGLT2 inhibitors,1642.18,12.0,29.2,478.72
2025-03-01,FARXIGA,US,SGLT2 inhibitors,1672.51,15.4,30.3,506.54
2025-04-01,FARXIGA,US,SGLT2 inhibitors,1721.94,15.9,29.3,503.89
2025-05-01,FARXIGA,US,SGLT2 inhibitors,1682.81,15.2,31.2,525.81
2025-06-01,FARXIGA,US,SGLT2 inhibitors,1751.39,15.5,31.3,547.95
2025-07-01,FARXIGA,US,SGLT2 inhibitors,1715.26,15.1,30.5,522.79
2025-08-01,FARXIGA,US,SGLT2 inhibitors,1732.69,14.5,31.2,539.87
2025-09-01,FARXIGA,US,SGLT2 inhibitors,1789.31,13.7,32.3,578.34
2025-10-01,FARXIGA,US,SGLT2 inhibitors,1627.08,14.5,36.8,598.29
2025-11-01,FARXIGA,US,SGLT2 inhibitors,1660.66,13.2,37.6,623.74
2025-12-01,FARXIGA,US,SGLT2 inhibitors,1704.53,15.7,38.6,657.54
2025-01-01,FARXIGA,CN,SGLT2 inhibitors,456.18,12.1,28.0,127.59
2025-02-01,FARXIGA,CN,SGLT2 inhibitors,488.54,15.4,27.4,134.09
2025-03-01,FARXIGA,CN,SGLT2 inhibitors,467.65,13.2,30.8,144.26
2025-04-01,FARXIGA,CN,SGLT2 inhibitors,475.08,15.9,30.2,143.61
2025-05-01,FARXIGA,CN,SGLT2 inhibitors,480.06,12.9,30.0,143.94
2025-06-01,FARXIGA,CN,SGLT2 inhibitors,470.5,13.0,32.5,152.68
2025-07-01,FARXIGA,CN,SGLT2 inhibitors,458.73,13.1,32.0,146.6
2025-08-01,FARXIGA,CN,SGLT2 inhibitors,462.85,15.1,32.8,151.79
2025-09-01,FARXIGA,CN,SGLT2 inhibitors,487.53,15.8,33.4,162.76
2025-10-01,FARXIGA,CN,SGLT2 inhibitors,466.97,15.3,36.5,170.67
2025-11-01,FARXIGA,CN,SGLT2 inhibitors,485.58,13.7,36.9,179.25
2025-12-01,FARXIGA,CN,SGLT2 inhibitors,483.64,13.5,38.5,185.96
2026-01-01,FARXIGA,US,SGLT2 inhibitors,1916.45,15.3,26.4,505.18
2026-02-01,FARXIGA,US,SGLT2 inhibitors,1959.3,13.2,26.3,514.46
2026-03-01,FARXIGA,US,SGLT2 inhibitors,1941.21,14.4,27.8,540.5
2026-04-01,FARXIGA,US,SGLT2 inhibitors,1976.73,12.3,28.0,553.31
2026-05-01,FARXIGA,US,SGLT2 inhibitors,1947.8,13.3,28.6,556.59
2026-06-01,FARXIGA,US,SGLT2 inhibitors,1885.05,12.6,32.0,603.68
2026-07-01,FARXIGA,US,SGLT2 inhibitors,1945.56,15.0,29.5,574.63
2026-08-01,FARXIGA,US,SGLT2 inhibitors,2028.89,14.5,28.7,582.13
2026-09-01,FARXIGA,US,SGLT2 inhibitors,1961.6,15.0,32.2,631.52
2026-10-01,FARXIGA,US,SGLT2 inhibitors,2045.32,13.3,31.8,649.6
2026-11-01,FARXIGA,US,SGLT2 inhibitors,1883.53,15.1,35.5,667.76
2026-12-01,FARXIGA,US,SGLT2 inhibitors,1929.4,13.0,36.8,710.95
2026-01-01,FARXIGA,CN,SGLT2 inhibitors,545.31,12.3,26.2,143.05
2026-02-01,FARXIGA,CN,SGLT2 inhibitors,521.41,12.6,28.4,147.96
2026-03-01,FARXIGA,CN,SGLT2 inhibitors,544.98,13.3,28.4,154.55
2026-04-01,FARXIGA,CN,SGLT2 inhibitors,562.56,12.9,26.8,151.0
2026-05-01,FARXIGA,CN,SGLT2 inhibitors,552.04,13.4,28.2,155.77
2026-06-01,FARXIGA,CN,SGLT2 inhibitors,552.72,12.8,30.1,166.31
2026-07-01,FARXIGA,CN,SGLT2 inhibitors,565.41,15.5,28.3,160.27
2026-08-01,FARXIGA,CN,SGLT2 inhibitors,534.74,13.0,30.6,163.64
2026-09-01,FARXIGA,CN,SGLT2 inhibitors,523.14,13.1,33.4,174.74
2026-10-01,FARXIGA,CN,SGLT2 inhibitors,518.23,12.5,35.2,182.51
2026-11-01,FARXIGA,CN,SGLT2 inhibitors,537.95,12.7,35.3,189.77
2026-12-01,FARXIGA,CN,SGLT2 inhibitors,529.11,14.0,37.8,199.87
2024-01-01,BRILINTA,US,P2Y12 antiplatelet agents,328.31,-4.6,19.8,64.95
2024-02-01,BRILINTA,US,P2Y12 antiplatelet agents,344.35,-4.4,19.7,67.68
2024-03-01,BRILINTA,US,P2Y12 antiplatelet agents,339.72,-6.8,21.0,71.34
2024-04-01,BRILINTA,US,P2Y12 antiplatelet agents,320.08,-3.2,22.2,71.2
2024-05-01,BRILINTA,US,P2Y12 antiplatelet agents,318.87,-6.7,23.2,73.86
2024-06-01,BRILINTA,US,P2Y12 antiplatelet agents,346.14,-5.5,22.3,77.27
2024-07-01,BRILINTA,US,P2Y12 antiplatelet agents,349.75,-6.2,21.5,75.18
2024-08-01,BRILINTA,US,P2Y12 antiplatelet agents,344.28,-3.8,22.5,77.3
2024-09-01,BRILINTA,US,P2Y12 antiplatelet agents,324.38,-5.0,24.9,80.88
2024-10-01,BRILINTA,US,P2Y12 antiplatelet agents,329.12,-5.9,26.0,85.62
2024-11-01,BRILINTA,US,P2Y12 antiplatelet agents,334.3,-5.8,26.5,88.43
2024-12-01,BRILINTA,US,P2Y12 antiplatelet agents,330.65,-3.8,28.6,94.56
2024-01-01,BRILINTA,CN,P2Y12 antiplatelet agents,202.92,-5.3,12.6,25.55
2024-02-01,BRILINTA,CN,P2Y12 antiplatelet agents,213.02,-4.1,12.5,26.6
2024-03-01,BRILINTA,CN,P2Y12 antiplatelet agents,206.52,-3.2,13.7,28.23
2024-04-01,BRILINTA,CN,P2Y12 antiplatelet agents,214.23,-5.2,13.1,28.1
2024-05-01,BRILINTA,CN,P2Y12 antiplatelet agents,215.69,-5.6,13.6,29.31
2024-06-01,BRILINTA,CN,P2Y12 antiplatelet agents,217.79,-5.5,13.8,30.07
2024-07-01,BRILINTA,CN,P2Y12 antiplatelet agents,205.36,-5.8,14.2,29.09
2024-08-01,BRILINTA,CN,P2Y12 antiplatelet agents,210.78,-6.8,14.3,30.09
2024-09-01,BRILINTA,CN,P2Y12 antiplatelet agents,203.13,-3.1,15.4,31.27
2024-10-01,BRILINTA,CN,P2Y12 antiplatelet agents,200.23,-5.7,16.6,33.32
2024-11-01,BRILINTA,CN,P2Y12 antiplatelet agents,215.85,-6.0,16.4,35.4
2024-12-01,BRILINTA,CN,P2Y12 antiplatelet agents,205.38,-4.0,17.7,36.25
2025-01-01,BRILINTA,US,P2Y12 antiplatelet agents,321.51,-3.5,14.0,44.91
2025-02-01,BRILINTA,US,P2Y12 antiplatelet agents,307.35,-4.3,15.6,47.8
2025-03-01,BRILINTA,US,P2Y12 antiplatelet agents,331.97,-5.8,14.8,49.18
2025-04-01,BRILINTA,US,P2Y12 antiplatelet agents,321.57,-5.7,15.6,50.01
2025-05-01,BRILINTA,US,P2Y12 antiplatelet agents,324.48,-6.9,15.9,51.47
2025-06-01,BRILINTA,US,P2Y12 antiplatelet agents,301.56,-5.5,18.0,54.15
2025-07-01,BRILINTA,US,P2Y12 antiplatelet agents,301.38,-6.4,17.0,51.29
2025-08-01,BRILINTA,US,P2Y12 antiplatelet agents,326.03,-6.9,16.1,52.5
2025-09-01,BRILINTA,US,P2Y12 antiplatelet agents,314.77,-4.1,18.1,56.97
2025-10-01,BRILINTA,US,P2Y12 antiplatelet agents,310.96,-3.0,19.5,60.74
2025-11-01,BRILINTA,US,P2Y12 antiplatelet agents,324.47,-5.8,18.9,61.25
2025-12-01,BRILINTA,US,P2Y12 antiplatelet agents,326.64,-5.1,19.9,65.11
2025-01-01,BRILINTA,CN,P2Y12 antiplatelet agents,192.95,-6.3,9.1,17.5
2025-02-01,BRILINTA,CN,P2Y12 antiplatelet agents,193.6,-5.3,9.6,18.61
2025-03-01,BRILINTA,CN,P2Y12 antiplatelet agents,194.5,-5.1,10.1,19.72
2025-04-01,BRILINTA,CN,P2Y12 antiplatelet agents,191.36,-6.3,10.1,19.29
2025-05-01,BRILINTA,CN,P2Y12 antiplatelet agents,188.69,-6.1,10.5,19.79
2025-06-01,BRILINTA,CN,P2Y12 antiplatelet agents,203.81,-3.2,10.6,21.58
2025-07-01,BRILINTA,CN,P2Y12 antiplatelet agents,198.06,-6.2,10.3,20.35
2025-08-01,BRILINTA,CN,P2Y12 antiplatelet agents,197.17,-6.6,10.4,20.59
2025-09-01,BRILINTA,CN,P2Y12 antiplatelet agents,195.43,-6.3,11.1,21.73
2025-10-01,BRILINTA,CN,P2Y12 antiplatelet agents,193.26,-3.1,12.2,23.57
2025-11-01,BRILINTA,CN,P2Y12 antiplatelet agents,199.09,-3.4,12.3,24.44
2025-12-01,BRILINTA,CN,P2Y12 antiplatelet agents,199.73,-3.4,12.8,25.66
2026-01-01,BRILINTA,US,P2Y12 antiplatelet agents,310.35,-4.4,11.5,35.79
2026-02-01,BRILINTA,US,P2Y12 antiplatelet agents,294.61,-5.8,12.6,37.25
2026-03-01,BRILINTA,US,P2Y12 antiplatelet agents,293.36,-5.7,13.1,38.5
2026-04-01,BRILINTA,US,P2Y12 antiplatelet agents,292.96,-4.7,13.3,38.87
2026-05-01,BRILINTA,US,P2Y12 antiplatelet agents,286.7,-6.7,14.2,40.64
2026-06-01,BRILINTA,US,P2Y12 antiplatelet agents,296.93,-5.8,14.2,42.14
2026-07-01,BRILINTA,US,P2Y12 antiplatelet agents,290.49,-3.5,14.0,40.68
2026-08-01,BRILINTA,US,P2Y12 antiplatelet agents,311.48,-4.9,13.4,41.79
2026-09-01,BRILINTA,US,P2Y12 antiplatelet agents,300.7,-5.5,14.4,43.34
2026-10-01,BRILINTA,US,P2Y12 antiplatelet agents,293.48,-3.4,16.1,47.16
2026-11-01,BRILINTA,US,P2Y12 antiplatelet agents,309.48,-5.0,15.6,48.39
2026-12-01,BRILINTA,US,P2Y12 antiplatelet agents,299.93,-5.0,16.9,50.77
2026-01-01,BRILINTA,CN,P2Y12 antiplatelet agents,185.08,-6.8,7.5,13.9
2026-02-01,BRILINTA,CN,P2Y12 antiplatelet agents,181.03,-5.0,7.9,14.38
2026-03-01,BRILINTA,CN,P2Y12 antiplatelet agents,179.14,-3.8,8.3,14.87
2026-04-01,BRILINTA,CN,P2Y12 antiplatelet agents,184.44,-6.7,8.2,15.16
2026-05-01,BRILINTA,CN,P2Y12 antiplatelet agents,187.71,-4.2,8.2,15.45
2026-06-01,BRILINTA,CN,P2Y12 antiplatelet agents,194.2,-5.0,8.6,16.75
2026-07-01,BRILINTA,CN,P2Y12 antiplatelet agents,183.69,-3.6,8.6,15.84
2026-08-01,BRILINTA,CN,P2Y12 antiplatelet agents,179.43,-6.0,9.1,16.25
2026-09-01,BRILINTA,CN,P2Y12 antiplatelet agents,186.4,-6.1,9.3,17.32
2026-10-01,BRILINTA,CN,P2Y12 antiplatelet agents,184.22,-4.0,9.8,18.13
2026-11-01,BRILINTA,CN,P2Y12 antiplatelet agents,189.66,-6.5,9.7,18.49
2026-12-01,BRILINTA,CN,P2Y12 antiplatelet agents,191.5,-6.6,10.4,20.01
2024-01-01,LOKELMA,US,Potassium binders,123.75,12.7,23.1,28.59
2024-02-01,LOKELMA,US,Potassium binders,125.03,13.7,23.1,28.87
2024-03-01,LOKELMA,US,Potassium binders,130.74,12.7,23.4,30.58
2024-04-01,LOKELMA,US,Potassium binders,124.04,13.5,24.4,30.32
2024-05-01,LOKELMA,US,Potassium binders,125.26,12.0,25.1,31.48
2024-06-01,LOKELMA,US,Potassium binders,123.09,13.0,27.5,33.8
2024-07-01,LOKELMA,US,Potassium binders,120.12,11.3,26.9,32.28
2024-08-01,LOKELMA,US,Potassium binders,129.2,12.7,25.8,33.28
2024-09-01,LOKELMA,US,Potassium binders,119.76,11.7,29.4,35.23
2024-10-01,LOKELMA,US,Potassium binders,125.75,12.3,29.2,36.68
2024-11-01,LOKELMA,US,Potassium binders,122.52,10.2,30.8,37.71
2024-12-01,LOKELMA,US,Potassium binders,121.74,13.7,33.4,40.7
2024-01-01,LOKELMA,CN,Potassium binders,32.29,10.5,21.6,6.97
2024-02-01,LOKELMA,CN,Potassium binders,34.69,13.7,20.7,7.19
2024-03-01,LOKELMA,CN,Potassium binders,33.37,11.5,23.2,7.74
2024-04-01,LOKELMA,CN,Potassium binders,33.69,10.3,22.6,7.63
2024-05-01,LOKELMA,CN,Potassium binders,32.1,13.8,25.1,8.04
2024-06-01,LOKELMA,CN,Potassium binders,33.8,11.7,24.7,8.34
2024-07-01,LOKELMA,CN,Potassium binders,33.56,13.4,24.0,8.06
2024-08-01,LOKELMA,CN,Potassium binders,34.64,12.2,23.4,8.12
2024-09-01,LOKELMA,CN,Potassium binders,34.2,13.5,26.0,8.89
2024-10-01,LOKELMA,CN,Potassium binders,33.6,12.2,27.3,9.18
2024-11-01,LOKELMA,CN,Potassium binders,33.42,12.3,28.7,9.6
2024-12-01,LOKELMA,CN,Potassium binders,34.42,12.5,29.4,10.12
2025-01-01,LOKELMA,US,Potassium binders,135.53,11.4,29.7,40.2
2025-02-01,LOKELMA,US,Potassium binders,140.89,10.3,29.1,41.05
2025-03-01,LOKELMA,US,Potassium binders,136.51,10.9,31.1,42.4
2025-04-01,LOKELMA,US,Potassium binders,146.18,10.5,29.3,42.88
2025-05-01,LOKELMA,US,Potassium binders,136.94,12.3,32.0,43.86
2025-06-01,LOKELMA,US,Potassium binders,143.06,10.0,32.7,46.75
2025-07-01,LOKELMA,US,Potassium binders,139.83,10.8,32.0,44.79
2025-08-01,LOKELMA,US,Potassium binders,134.51,12.4,33.7,45.37
2025-09-01,LOKELMA,US,Potassium binders,140.99,12.0,35.0,49.41
2025-10-01,LOKELMA,US,Potassium binders,138.95,11.9,37.2,51.74
2025-11-01,LOKELMA,US,Potassium binders,142.55,10.1,38.2,54.4
2025-12-01,LOKELMA,US,Potassium binders,140.34,12.7,41.3,57.95
2025-01-01,LOKELMA,CN,Potassium binders,38.2,10.7,25.5,9.75
2025-02-01,LOKELMA,CN,Potassium binders,37.74,11.2,26.8,10.12
2025-03-01,LOKELMA,CN,Potassium binders,35.71,13.2,30.1,10.75
2025-04-01,LOKELMA,CN,Potassium binders,38.75,13.4,27.4,10.6
2025-05-01,LOKELMA,CN,Potassium binders,38.12,10.9,28.7,10.95
2025-06-01,LOKELMA,CN,Potassium binders,38.25,11.9,30.6,11.72
2025-07-01,LOKELMA,CN,Potassium binders,35.54,13.0,31.3,11.13
2025-08-01,LOKELMA,CN,Potassium binders,36.62,12.1,31.5,11.54
2025-09-01,LOKELMA,CN,Potassium binders,38.12,11.2,32.3,12.32
2025-10-01,LOKELMA,CN,Potassium binders,38.06,11.5,33.9,12.92
2025-11-01,LOKELMA,CN,Potassium binders,38.26,11.3,34.9,13.37
2025-12-01,LOKELMA,CN,Potassium binders,38.02,10.9,37.2,14.15
2026-01-01,LOKELMA,US,Potassium binders,160.25,11.3,31.4,50.37
2026-02-01,LOKELMA,US,Potassium binders,159.41,11.7,32.7,52.09
2026-03-01,LOKELMA,US,Potassium binders,151.14,10.3,36.1,54.59
2026-04-01,LOKELMA,US,Potassium binders,154.21,13.7,35.9,55.33
2026-05-01,LOKELMA,US,Potassium binders,164.13,13.5,35.1,57.6
2026-06-01,LOKELMA,US,Potassium binders,160.1,10.4,37.0,59.3
2026-07-01,LOKELMA,US,Potassium binders,163.54,12.0,34.9,57.01
2026-08-01,LOKELMA,US,Potassium binders,150.19,11.9,40.3,60.53
2026-09-01,LOKELMA,US,Potassium binders,158.41,13.2,39.0,61.75
2026-10-01,LOKELMA,US,Potassium binders,152.24,11.6,44.5,67.73
2026-11-01,LOKELMA,US,Potassium binders,155.0,10.9,45.1,69.89
2026-12-01,LOKELMA,US,Potassium binders,159.17,13.8,46.2,73.58
2026-01-01,LOKELMA,CN,Potassium binders,42.72,12.7,29.4,12.57
2026-02-01,LOKELMA,CN,Potassium binders,42.24,14.0,30.5,12.9
2026-03-01,LOKELMA,CN,Potassium binders,39.85,10.9,34.2,13.62
2026-04-01,LOKELMA,CN,Potassium binders,41.23,11.4,33.2,13.68
2026-05-01,LOKELMA,CN,Potassium binders,42.6,12.7,33.4,14.21
2026-06-01,LOKELMA,CN,Potassium binders,40.17,10.8,38.2,15.33
2026-07-01,LOKELMA,CN,Potassium binders,42.69,13.0,33.8,14.45
2026-08-01,LOKELMA,CN,Potassium binders,40.25,12.8,36.6,14.72
2026-09-01,LOKELMA,CN,Potassium binders,43.71,11.3,35.3,15.44
2026-10-01,LOKELMA,CN,Potassium binders,41.61,10.4,39.7,16.5
2026-11-01,LOKELMA,CN,Potassium binders,42.36,10.2,41.0,17.35
2026-12-01,LOKELMA,CN,Potassium binders,43.09,13.1,42.6,18.35
2024-01-01,CRESTOR,US,Statins,1004.18,-3.7,5.4,54.36
2024-02-01,CRESTOR,US,Statins,985.55,-0.8,5.7,56.33
2024-03-01,CRESTOR,US,Statins,1009.94,-2.0,5.9,60.06
2024-04-01,CRESTOR,US,Statins,1000.77,-0.4,6.0,60.04
2024-05-01,CRESTOR,US,Statins,1040.93,-0.4,5.9,61.67
2024-06-01,CRESTOR,US,Statins,957.38,-3.5,6.7,64.39
2024-07-01,CRESTOR,US,Statins,1008.71,-2.2,6.2,62.9
2024-08-01,CRESTOR,US,Statins,991.37,-1.7,6.6,65.05
2024-09-01,CRESTOR,US,Statins,974.61,-1.1,7.0,67.79
2024-10-01,CRESTOR,US,Statins,990.82,-2.6,7.2,71.76
2024-11-01,CRESTOR,US,Statins,991.39,-2.6,7.6,75.7
2024-12-01,CRESTOR,US,Statins,1000.81,-0.0,7.8,78.51
2024-01-01,CRESTOR,CN,Statins,503.14,-1.8,6.0,30.11
2024-02-01,CRESTOR,CN,Statins,488.18,-0.9,6.3,30.74
2024-03-01,CRESTOR,CN,Statins,484.49,-0.6,6.8,32.73
2024-04-01,CRESTOR,CN,Statins,515.72,-1.0,6.2,32.11
2024-05-01,CRESTOR,CN,Statins,490.99,-2.1,6.9,33.72
2024-06-01,CRESTOR,CN,Statins,515.44,-2.4,6.9,35.5
2024-07-01,CRESTOR,CN,Statins,494.75,-1.1,6.8,33.81
2024-08-01,CRESTOR,CN,Statins,486.89,-1.8,7.2,34.94
2024-09-01,CRESTOR,CN,Statins,517.21,-2.6,7.1,36.84
2024-10-01,CRESTOR,CN,Statins,492.0,-0.9,8.0,39.47
2024-11-01,CRESTOR,CN,Statins,522.83,-0.3,7.8,40.82
2024-12-01,CRESTOR,CN,Statins,510.35,-1.7,8.5,43.41
2025-01-01,CRESTOR,US,Statins,1005.17,-1.0,4.9,49.51
2025-02-01,CRESTOR,US,Statins,968.6,-3.9,5.3,51.63
2025-03-01,CRESTOR,US,Statins,942.47,-0.9,5.8,54.72
2025-04-01,CRESTOR,US,Statins,939.52,-1.5,5.8,54.69
2025-05-01,CRESTOR,US,Statins,934.01,-2.5,6.0,56.5
2025-06-01,CRESTOR,US,Statins,986.07,-2.7,6.0,59.31
2025-07-01,CRESTOR,US,Statins,953.51,-3.9,6.1,58.22
2025-08-01,CRESTOR,US,Statins,983.04,-1.9,6.0,59.14
2025-09-01,CRESTOR,US,Statins,1028.53,-2.2,6.1,62.94
2025-10-01,CRESTOR,US,Statins,931.07,-3.4,7.2,66.99
2025-11-01,CRESTOR,US,Statins,1019.43,-0.4,6.8,69.15
2025-12-01,CRESTOR,US,Statins,1021.79,-1.2,7.2,73.91
2025-01-01,CRESTOR,CN,Statins,497.2,-3.1,5.5,27.16
2025-02-01,CRESTOR,CN,Statins,503.44,-2.0,5.6,28.01
2025-03-01,CRESTOR,CN,Statins,513.86,-2.5,5.9,30.17
2025-04-01,CRESTOR,CN,Statins,486.11,-4.0,6.0,29.16
2025-05-01,CRESTOR,CN,Statins,496.89,-1.7,6.2,30.81
2025-06-01,CRESTOR,CN,Statins,499.63,-2.6,6.5,32.44
2025-07-01,CRESTOR,CN,Statins,497.81,-2.7,6.2,30.71
2025-08-01,CRESTOR,CN,Statins,504.97,-0.6,6.4,32.21
2025-09-01,CRESTOR,CN,Statins,506.98,-1.6,6.6,33.59
2025-10-01,CRESTOR,CN,Statins,489.47,-3.9,7.2,35.33
2025-11-01,CRESTOR,CN,Statins,478.27,-0.7,7.6,36.35
2025-12-01,CRESTOR,CN,Statins,475.36,-3.0,8.1,38.32
2026-01-01,CRESTOR,US,Statins,984.9,-1.9,4.6,45.56
2026-02-01,CRESTOR,US,Statins,960.65,-1.9,5.0,47.62
2026-03-01,CRESTOR,US,Statins,917.96,-3.4,5.3,49.06
2026-04-01,CRESTOR,US,Statins,932.77,-3.6,5.4,50.81
2026-05-01,CRESTOR,US,Statins,1005.31,-0.8,5.2,52.5
2026-06-01,CRESTOR,US,Statins,952.95,-0.5,5.7,54.1
2026-07-01,CRESTOR,US,Statins,924.65,-2.9,5.6,51.85
2026-08-01,CRESTOR,US,Statins,959.95,-2.0,5.6,53.73
2026-09-01,CRESTOR,US,Statins,917.06,-3.9,6.2,56.95
2026-10-01,CRESTOR,US,Statins,943.86,-3.8,6.5,60.91
2026-11-01,CRESTOR,US,Statins,913.74,-3.6,6.7,61.56
2026-12-01,CRESTOR,US,Statins,940.6,-3.5,7.1,66.4
2026-01-01,CRESTOR,CN,Statins,468.56,-2.2,5.2,24.46
2026-02-01,CRESTOR,CN,Statins,492.6,-3.1,5.2,25.7
2026-03-01,CRESTOR,CN,Statins,471.03,-2.0,5.8,27.24
2026-04-01,CRESTOR,CN,Statins,467.91,-2.4,5.6,26.36
2026-05-01,CRESTOR,CN,Statins,483.68,-0.7,5.6,27.19
2026-06-01,CRESTOR,CN,Statins,486.74,-3.9,6.1,29.89
2026-07-01,CRESTOR,CN,Statins,485.21,-3.6,5.8,28.19
2026-08-01,CRESTOR,CN,Statins,461.34,-1.9,6.4,29.41
2026-09-01,CRESTOR,CN,Statins,501.63,-2.5,6.2,31.15
2026-10-01,CRESTOR,CN,Statins,459.44,-3.1,7.1,32.42
2026-11-01,CRESTOR,CN,Statins,461.43,-0.2,7.3,33.52
2026-12-01,CRESTOR,CN,Statins,473.0,-3.5,7.6,36.15
2024-01-01,SYMBICORT,US,ICS/LABA combinations,854.0,3.3,16.8,143.83
2024-02-01,SYMBICORT,US,ICS/LABA combinations,805.5,3.3,18.4,148.19
2024-03-01,SYMBICORT,US,ICS/LABA combinations,796.92,1.7,19.7,157.28
2024-04-01,SYMBICORT,US,ICS/LABA combinations,838.73,3.5,18.7,157.21
2024-05-01,SYMBICORT,US,ICS/LABA combinations,853.19,3.4,18.7,159.87
2024-06-01,SYMBICORT,US,ICS/LABA combinations,852.39,1.9,19.7,167.57
2024-07-01,SYMBICORT,US,ICS/LABA combinations,855.97,2.0,18.7,159.71
2024-08-01,SYMBICORT,US,ICS/LABA combinations,836.85,2.8,20.3,170.17
2024-09-01,SYMBICORT,US,ICS/LABA combinations,826.56,2.9,21.6,178.73
2024-10-01,SYMBICORT,US,ICS/LABA combinations,862.72,1.1,21.6,186.1
2024-11-01,SYMBICORT,US,ICS/LABA combinations,844.4,4.3,22.9,193.13
2024-12-01,SYMBICORT,US,ICS/LABA combinations,861.8,3.1,23.7,204.4
2024-01-01,SYMBICORT,CN,ICS/LABA combinations,326.23,3.7,19.1,62.32
2024-02-01,SYMBICORT,CN,ICS/LABA combinations,338.42,1.1,19.0,64.16
2024-03-01,SYMBICORT,CN,ICS/LABA combinations,320.0,1.8,21.2,67.89
2024-04-01,SYMBICORT,CN,ICS/LABA combinations,324.63,3.8,20.9,67.87
2024-05-01,SYMBICORT,CN,ICS/LABA combinations,335.62,1.8,20.8,69.68
2024-06-01,SYMBICORT,CN,ICS/LABA combinations,337.45,3.7,21.9,74.05
2024-07-01,SYMBICORT,CN,ICS/LABA combinations,331.59,1.0,20.6,68.25
2024-08-01,SYMBICORT,CN,ICS/LABA combinations,329.49,2.5,21.5,70.95
2024-09-01,SYMBICORT,CN,ICS/LABA combinations,333.66,4.5,22.9,76.47
2024-10-01,SYMBICORT,CN,ICS/LABA combinations,332.4,2.4,24.8,82.27
2024-11-01,SYMBICORT,CN,ICS/LABA combinations,326.96,1.3,25.5,83.43
2024-12-01,SYMBICORT,CN,ICS/LABA combinations,327.52,1.9,27.0,88.42
2025-01-01,SYMBICORT,US,ICS/LABA combinations,885.18,3.2,15.2,134.79
2025-02-01,SYMBICORT,US,ICS/LABA combinations,867.5,4.1,15.6,135.05
2025-03-01,SYMBICORT,US,ICS/LABA combinations,890.48,1.2,16.5,147.35
2025-04-01,SYMBICORT,US,ICS/LABA combinations,828.81,4.9,17.5,145.21
2025-05-01,SYMBICORT,US,ICS/LABA combinations,900.48,2.3,16.3,147.03
2025-06-01,SYMBICORT,US,ICS/LABA combinations,853.0,1.1,18.6,158.36
2025-07-01,SYMBICORT,US,ICS/LABA combinations,858.63,4.0,17.6,150.89
2025-08-01,SYMBICORT,US,ICS/LABA combinations,831.36,3.7,19.0,158.06
2025-09-01,SYMBICORT,US,ICS/LABA combinations,816.53,2.7,20.2,165.33
2025-10-01,SYMBICORT,US,ICS/LABA combinations,847.87,3.0,20.8,176.04
2025-11-01,SYMBICORT,US,ICS/LABA combinations,856.8,3.4,21.5,184.4
2025-12-01,SYMBICORT,US,ICS/LABA combinations,870.64,2.1,22.3,194.0
2025-01-01,SYMBICORT,CN,ICS/LABA combinations,329.42,4.0,17.4,57.25
2025-02-01,SYMBICORT,CN,ICS/LABA combinations,337.03,2.8,17.6,59.19
2025-03-01,SYMBICORT,CN,ICS/LABA combinations,352.45,2.4,17.5,61.56
2025-04-01,SYMBICORT,CN,ICS/LABA combinations,350.86,4.9,17.6,61.77
2025-05-01,SYMBICORT,CN,ICS/LABA combinations,336.37,4.2,19.3,64.8
2025-06-01,SYMBICORT,CN,ICS/LABA combinations,354.44,3.1,19.2,67.95
2025-07-01,SYMBICORT,CN,ICS/LABA combinations,359.92,2.3,17.8,63.99
2025-08-01,SYMBICORT,CN,ICS/LABA combinations,350.9,3.6,19.0,66.57
2025-09-01,SYMBICORT,CN,ICS/LABA combinations,358.72,3.3,19.8,71.09
2025-10-01,SYMBICORT,CN,ICS/LABA combinations,327.83,1.5,22.9,74.91
2025-11-01,SYMBICORT,CN,ICS/LABA combinations,344.04,4.8,22.9,78.91
2025-12-01,SYMBICORT,CN,ICS/LABA combinations,352.33,1.4,23.5,82.87
2026-01-01,SYMBICORT,US,ICS/LABA combinations,845.21,2.7,14.4,121.29
2026-02-01,SYMBICORT,US,ICS/LABA combinations,916.41,5.0,14.0,128.25
2026-03-01,SYMBICORT,US,ICS/LABA combinations,840.7,3.4,16.0,134.62
2026-04-01,SYMBICORT,US,ICS/LABA combinations,857.76,3.9,15.5,133.05
2026-05-01,SYMBICORT,US,ICS/LABA combinations,927.62,4.4,14.8,137.12
2026-06-01,SYMBICORT,US,ICS/LABA combinations,859.62,2.7,17.3,149.14
2026-07-01,SYMBICORT,US,ICS/LABA combinations,901.99,1.7,15.3,137.62
2026-08-01,SYMBICORT,US,ICS/LABA combinations,882.75,3.0,16.3,144.14
2026-09-01,SYMBICORT,US,ICS/LABA combinations,877.75,2.0,17.3,151.82
2026-10-01,SYMBICORT,US,ICS/LABA combinations,895.19,4.0,18.1,161.88
2026-11-01,SYMBICORT,US,ICS/LABA combinations,919.44,2.5,18.6,170.78
2026-12-01,SYMBICORT,US,ICS/LABA combinations,900.72,4.4,19.8,178.68
2026-01-01,SYMBICORT,CN,ICS/LABA combinations,352.59,3.1,15.1,53.39
2026-02-01,SYMBICORT,CN,ICS/LABA combinations,369.64,1.5,14.8,54.62
2026-03-01,SYMBICORT,CN,ICS/LABA combinations,342.75,3.2,16.7,57.16
2026-04-01,SYMBICORT,CN,ICS/LABA combinations,365.09,1.8,15.9,57.88
2026-05-01,SYMBICORT,CN,ICS/LABA combinations,341.83,2.1,17.6,60.32
2026-06-01,SYMBICORT,CN,ICS/LABA combinations,359.9,4.5,17.3,62.09
2026-07-01,SYMBICORT,CN,ICS/LABA combinations,341.09,1.4,17.8,60.65
2026-08-01,SYMBICORT,CN,ICS/LABA combinations,339.85,3.1,18.2,61.76
2026-09-01,SYMBICORT,CN,ICS/LABA combinations,359.71,4.1,18.1,65.2
2026-10-01,SYMBICORT,CN,ICS/LABA combinations,361.25,3.8,19.1,69.09
2026-11-01,SYMBICORT,CN,ICS/LABA combinations,368.11,2.5,19.8,72.87
2026-12-01,SYMBICORT,CN,ICS/LABA combinations,369.03,4.8,20.5,75.63
2024-01-01,BREZTRI,US,Triple therapy inhalers,384.45,20.8,14.9,57.15
2024-02-01,BREZTRI,US,Triple therapy inhalers,371.75,18.4,16.0,59.34
2024-03-01,BREZTRI,US,Triple therapy inhalers,393.41,18.8,16.2,63.91
2024-04-01,BREZTRI,US,Triple therapy inhalers,360.86,20.4,17.8,64.12
2024-05-01,BREZTRI,US,Triple therapy inhalers,362.96,20.3,18.3,66.24
2024-06-01,BREZTRI,US,Triple therapy inhalers,366.77,21.1,18.9,69.25
2024-07-01,BREZTRI,US,Triple therapy inhalers,382.98,18.7,16.8,64.35
2024-08-01,BREZTRI,US,Triple therapy inhalers,392.34,18.9,17.4,68.15
2024-09-01,BREZTRI,US,Triple therapy inhalers,375.39,20.8,19.0,71.3
2024-10-01,BREZTRI,US,Triple therapy inhalers,388.76,21.1,20.0,77.6
2024-11-01,BREZTRI,US,Triple therapy inhalers,388.32,18.7,20.2,78.38
2024-12-01,BREZTRI,US,Triple therapy inhalers,365.27,20.3,23.0,84.09
2024-01-01,BREZTRI,CN,Triple therapy inhalers,81.34,18.0,15.8,12.86
2024-02-01,BREZTRI,CN,Triple therapy inhalers,86.59,19.4,14.9,12.86
2024-03-01,BREZTRI,CN,Triple therapy inhalers,81.04,18.8,17.1,13.86
2024-04-01,BREZTRI,CN,Triple therapy inhalers,86.79,20.0,15.8,13.7
2024-05-01,BREZTRI,CN,Triple therapy inhalers,82.76,18.8,17.1,14.18
2024-06-01,BREZTRI,CN,Triple therapy inhalers,84.73,21.5,17.5,14.86
2024-07-01,BREZTRI,CN,Triple therapy inhalers,79.24,21.9,18.2,14.42
2024-08-01,BREZTRI,CN,Triple therapy inhalers,84.0,21.0,17.4,14.65
2024-09-01,BREZTRI,CN,Triple therapy inhalers,87.09,19.4,18.1,15.77
2024-10-01,BREZTRI,CN,Triple therapy inhalers,80.0,21.3,20.9,16.72
2024-11-01,BREZTRI,CN,Triple therapy inhalers,83.36,20.9,21.0,17.52
2024-12-01,BREZTRI,CN,Triple therapy inhalers,84.62,18.4,21.4,18.08
2025-01-01,BREZTRI,US,Triple therapy inhalers,458.34,20.1,13.7,62.61
2025-02-01,BREZTRI,US,Triple therapy inhalers,466.8,20.2,14.2,66.11
2025-03-01,BREZTRI,US,Triple therapy inhalers,436.99,20.3,15.8,69.08
2025-04-01,BREZTRI,US,Triple therapy inhalers,465.8,20.2,14.9,69.34
2025-05-01,BREZTRI,US,Triple therapy inhalers,435.47,20.4,16.2,70.5
2025-06-01,BREZTRI,US,Triple therapy inhalers,456.8,19.2,16.6,75.89
2025-07-01,BREZTRI,US,Triple therapy inhalers,448.51,21.5,16.4,73.34
2025-08-01,BREZTRI,US,Triple therapy inhalers,437.11,18.8,16.9,73.86
2025-09-01,BREZTRI,US,Triple therapy inhalers,445.35,19.0,17.6,78.27
2025-10-01,BREZTRI,US,Triple therapy inhalers,465.84,19.2,18.1,84.12
2025-11-01,BREZTRI,US,Triple therapy inhalers,429.38,19.9,19.9,85.62
2025-12-01,BREZTRI,US,Triple therapy inhalers,460.99,21.9,19.8,91.14
2025-01-01,BREZTRI,CN,Triple therapy inhalers,101.32,19.7,13.6,13.75
2025-02-01,BREZTRI,CN,Triple therapy inhalers,104.99,19.0,13.8,14.53
2025-03-01,BREZTRI,CN,Triple therapy inhalers,101.52,18.9,14.9,15.08
2025-04-01,BREZTRI,CN,Triple therapy inhalers,104.97,18.1,14.3,15.03
2025-05-01,BREZTRI,CN,Triple therapy inhalers,104.43,18.2,15.3,15.93
2025-06-01,BREZTRI,CN,Triple therapy inhalers,104.51,18.4,15.8,16.51
2025-07-01,BREZTRI,CN,Triple therapy inhalers,99.12,21.1,15.7,15.55
2025-08-01,BREZTRI,CN,Triple therapy inhalers,99.32,21.9,16.7,16.55
2025-09-01,BREZTRI,CN,Triple therapy inhalers,104.71,20.1,16.4,17.18
2025-10-01,BREZTRI,CN,Triple therapy inhalers,98.63,19.3,18.9,18.66
2025-11-01,BREZTRI,CN,Triple therapy inhalers,95.72,21.0,19.8,18.95
2025-12-01,BREZTRI,CN,Triple therapy inhalers,100.33,19.3,20.1,20.15
2026-01-01,BREZTRI,US,Triple therapy inhalers,552.48,21.1,13.6,75.39
2026-02-01,BREZTRI,US,Triple therapy inhalers,553.36,21.0,14.2,78.71
2026-03-01,BREZTRI,US,Triple therapy inhalers,555.68,18.7,15.0,83.56
2026-04-01,BREZTRI,US,Triple therapy inhalers,534.03,18.0,15.1,80.73
2026-05-01,BREZTRI,US,Triple therapy inhalers,535.62,18.1,16.0,85.76
2026-06-01,BREZTRI,US,Triple therapy inhalers,518.61,19.0,17.2,89.01
2026-07-01,BREZTRI,US,Triple therapy inhalers,548.65,18.8,15.7,86.18
2026-08-01,BREZTRI,US,Triple therapy inhalers,557.78,20.5,15.5,86.55
2026-09-01,BREZTRI,US,Triple therapy inhalers,562.09,20.9,16.3,91.42
2026-10-01,BREZTRI,US,Triple therapy inhalers,561.13,18.5,17.5,98.18
2026-11-01,BREZTRI,US,Triple therapy inhalers,529.86,18.3,19.2,101.72
2026-12-01,BREZTRI,US,Triple therapy inhalers,514.29,19.6,20.6,106.19
2026-01-01,BREZTRI,CN,Triple therapy inhalers,124.76,21.1,13.2,16.47
2026-02-01,BREZTRI,CN,Triple therapy inhalers,120.87,19.4,14.1,17.02
2026-03-01,BREZTRI,CN,Triple therapy inhalers,122.91,21.4,14.6,17.89
2026-04-01,BREZTRI,CN,Triple therapy inhalers,114.17,18.3,15.7,17.95
2026-05-01,BREZTRI,CN,Triple therapy inhalers,114.81,21.7,16.4,18.85
2026-06-01,BREZTRI,CN,Triple therapy inhalers,122.24,21.0,16.3,19.93
2026-07-01,BREZTRI,CN,Triple therapy inhalers,121.4,19.5,15.2,18.46
2026-08-01,BREZTRI,CN,Triple therapy inhalers,116.03,20.6,16.4,18.98
2026-09-01,BREZTRI,CN,Triple therapy inhalers,114.31,19.4,17.8,20.35
2026-10-01,BREZTRI,CN,Triple therapy inhalers,125.16,18.1,17.6,22.04
2026-11-01,BREZTRI,CN,Triple therapy inhalers,119.11,19.8,19.1,22.76
2026-12-01,BREZTRI,CN,Triple therapy inhalers,117.03,19.4,20.1,23.54
2024-01-01,FASENRA,US,Anti-IL5/IL5R biologics,418.85,8.7,24.7,103.48
2024-02-01,FASENRA,US,Anti-IL5/IL5R biologics,427.24,10.3,24.7,105.57
2024-03-01,FASENRA,US,Anti-IL5/IL5R biologics,402.36,11.3,28.0,112.49
2024-04-01,FASENRA,US,Anti-IL5/IL5R biologics,403.33,11.8,27.5,110.97
2024-05-01,FASENRA,US,Anti-IL5/IL5R biologics,433.35,8.3,26.0,112.52
2024-06-01,FASENRA,US,Anti-IL5/IL5R biologics,428.59,8.7,28.3,121.16
2024-07-01,FASENRA,US,Anti-IL5/IL5R biologics,417.04,11.4,28.0,116.8
2024-08-01,FASENRA,US,Anti-IL5/IL5R biologics,424.17,8.6,27.9,118.53
2024-09-01,FASENRA,US,Anti-IL5/IL5R biologics,431.03,11.5,29.6,127.63
2024-10-01,FASENRA,US,Anti-IL5/IL5R biologics,418.65,8.5,31.5,131.77
2024-11-01,FASENRA,US,Anti-IL5/IL5R biologics,429.81,9.7,32.3,138.63
2024-12-01,FASENRA,US,Anti-IL5/IL5R biologics,413.75,9.3,35.9,148.43
2024-01-01,FASENRA,CN,Anti-IL5/IL5R biologics,69.76,11.0,25.3,17.63
2024-02-01,FASENRA,CN,Anti-IL5/IL5R biologics,65.77,11.0,28.0,18.39
2024-03-01,FASENRA,CN,Anti-IL5/IL5R biologics,64.46,9.0,29.9,19.29
2024-04-01,FASENRA,CN,Anti-IL5/IL5R biologics,65.98,8.6,30.0,19.77
2024-05-01,FASENRA,CN,Anti-IL5/IL5R biologics,69.82,10.2,29.5,20.59
2024-06-01,FASENRA,CN,Anti-IL5/IL5R biologics,66.71,9.1,31.6,21.11
2024-07-01,FASENRA,CN,Anti-IL5/IL5R biologics,63.65,11.7,32.4,20.6
2024-08-01,FASENRA,CN,Anti-IL5/IL5R biologics,69.66,11.9,30.3,21.12
2024-09-01,FASENRA,CN,Anti-IL5/IL5R biologics,68.93,9.9,32.0,22.07
2024-10-01,FASENRA,CN,Anti-IL5/IL5R biologics,65.95,9.0,36.0,23.76
2024-11-01,FASENRA,CN,Anti-IL5/IL5R biologics,67.31,10.4,35.9,24.15
2024-12-01,FASENRA,CN,Anti-IL5/IL5R biologics,64.36,10.9,39.8,25.62
2025-01-01,FASENRA,US,Anti-IL5/IL5R biologics,437.56,9.3,24.9,108.82
2025-02-01,FASENRA,US,Anti-IL5/IL5R biologics,436.35,11.9,25.7,112.13
2025-03-01,FASENRA,US,Anti-IL5/IL5R biologics,469.97,9.1,24.6,115.54
2025-04-01,FASENRA,US,Anti-IL5/IL5R biologics,466.17,11.4,24.9,116.21
2025-05-01,FASENRA,US,Anti-IL5/IL5R biologics,465.7,9.3,25.5,118.88
2025-06-01,FASENRA,US,Anti-IL5/IL5R biologics,436.69,9.3,29.3,128.06
2025-07-01,FASENRA,US,Anti-IL5/IL5R biologics,460.95,11.6,26.3,121.2
2025-08-01,FASENRA,US,Anti-IL5/IL5R biologics,456.8,8.7,27.2,124.19
2025-09-01,FASENRA,US,Anti-IL5/IL5R biologics,438.14,8.2,30.6,134.18
2025-10-01,FASENRA,US,Anti-IL5/IL5R biologics,447.02,9.0,32.0,142.87
2025-11-01,FASENRA,US,Anti-IL5/IL5R biologics,461.65,8.9,32.1,148.35
2025-12-01,FASENRA,US,Anti-IL5/IL5R biologics,440.33,8.3,35.4,155.86
2025-01-01,FASENRA,CN,Anti-IL5/IL5R biologics,74.61,9.9,25.1,18.72
2025-02-01,FASENRA,CN,Anti-IL5/IL5R biologics,71.19,9.2,28.0,19.95
2025-03-01,FASENRA,CN,Anti-IL5/IL5R biologics,71.71,9.5,29.4,21.08
2025-04-01,FASENRA,CN,Anti-IL5/IL5R biologics,72.43,8.0,28.1,20.33
2025-05-01,FASENRA,CN,Anti-IL5/IL5R biologics,70.66,9.6,29.9,21.13
2025-06-01,FASENRA,CN,Anti-IL5/IL5R biologics,75.02,11.1,29.9,22.46
2025-07-01,FASENRA,CN,Anti-IL5/IL5R biologics,75.91,11.2,28.3,21.51
2025-08-01,FASENRA,CN,Anti-IL5/IL5R biologics,71.6,8.6,31.3,22.44
2025-09-01,FASENRA,CN,Anti-IL5/IL5R biologics,73.76,10.2,32.0,23.63
2025-10-01,FASENRA,CN,Anti-IL5/IL5R biologics,71.08,10.1,34.9,24.83
2025-11-01,FASENRA,CN,Anti-IL5/IL5R biologics,71.21,10.6,36.9,26.3
2025-12-01,FASENRA,CN,Anti-IL5/IL5R biologics,72.27,11.4,37.8,27.29
2026-01-01,FASENRA,US,Anti-IL5/IL5R biologics,528.08,9.5,21.8,115.02
2026-02-01,FASENRA,US,Anti-IL5/IL5R biologics,513.74,9.7,23.0,118.09
2026-03-01,FASENRA,US,Anti-IL5/IL5R biologics,507.22,11.8,24.6,124.78
2026-04-01,FASENRA,US,Anti-IL5/IL5R biologics,526.11,8.9,23.4,122.95
2026-05-01,FASENRA,US,Anti-IL5/IL5R biologics,516.3,9.7,24.6,126.92
2026-06-01,FASENRA,US,Anti-IL5/IL5R biologics,499.14,10.1,27.3,136.1
2026-07-01,FASENRA,US,Anti-IL5/IL5R biologics,502.15,8.6,26.0,130.61
2026-08-01,FASENRA,US,Anti-IL5/IL5R biologics,521.02,10.2,25.2,131.2
2026-09-01,FASENRA,US,Anti-IL5/IL5R biologics,491.49,9.0,28.2,138.59
2026-10-01,FASENRA,US,Anti-IL5/IL5R biologics,498.39,9.1,29.9,149.25
2026-11-01,FASENRA,US,Anti-IL5/IL5R biologics,509.7,11.5,30.7,156.25
2026-12-01,FASENRA,US,Anti-IL5/IL5R biologics,504.93,11.0,32.2,162.8
2026-01-01,FASENRA,CN,Anti-IL5/IL5R biologics,78.09,11.2,25.4,19.84
2026-02-01,FASENRA,CN,Anti-IL5/IL5R biologics,83.38,11.5,24.5,20.45
2026-03-01,FASENRA,CN,Anti-IL5/IL5R biologics,78.97,11.5,27.9,22.05
2026-04-01,FASENRA,CN,Anti-IL5/IL5R biologics,77.38,9.0,28.8,22.31
2026-05-01,FASENRA,CN,Anti-IL5/IL5R biologics,83.16,10.0,26.9,22.34
2026-06-01,FASENRA,CN,Anti-IL5/IL5R biologics,82.44,9.8,28.9,23.81
2026-07-01,FASENRA,CN,Anti-IL5/IL5R biologics,79.29,10.9,29.0,23.02
2026-08-01,FASENRA,CN,Anti-IL5/IL5R biologics,78.26,11.5,30.5,23.87
2026-09-01,FASENRA,CN,Anti-IL5/IL5R biologics,80.26,9.9,30.9,24.83
2026-10-01,FASENRA,CN,Anti-IL5/IL5R biologics,78.86,10.4,33.6,26.47
2026-11-01,FASENRA,CN,Anti-IL5/IL5R biologics,81.6,10.3,33.5,27.32
2026-12-01,FASENRA,CN,Anti-IL5/IL5R biologics,80.0,10.1,35.9,28.75
2024-01-01,SAPHNELO,US,Anti-IFNAR biologics,81.26,34.4,38.3,31.1
2024-02-01,SAPHNELO,US,Anti-IFNAR biologics,80.88,36.6,39.3,31.77
2024-03-01,SAPHNELO,US,Anti-IFNAR biologics,83.68,36.4,41.0,34.28
2024-04-01,SAPHNELO,US,Anti-IFNAR biologics,84.0,36.7,41.0,34.44
2024-05-01,SAPHNELO,US,Anti-IFNAR biologics,83.49,36.0,41.5,34.62
2024-06-01,SAPHNELO,US,Anti-IFNAR biologics,81.61,33.4,45.3,36.93
2024-07-01,SAPHNELO,US,Anti-IFNAR biologics,84.79,36.9,41.4,35.13
2024-08-01,SAPHNELO,US,Anti-IFNAR biologics,81.78,35.5,44.6,36.46
2024-09-01,SAPHNELO,US,Anti-IFNAR biologics,81.48,33.9,46.5,37.87
2024-10-01,SAPHNELO,US,Anti-IFNAR biologics,83.12,35.9,50.0,41.53
2024-11-01,SAPHNELO,US,Anti-IFNAR biologics,80.51,33.4,52.6,42.38
2024-12-01,SAPHNELO,US,Anti-IFNAR biologics,84.87,35.6,53.2,45.15
2024-01-01,SAPHNELO,CN,Anti-IFNAR biologics,15.95,33.1,26.5,4.23
2024-02-01,SAPHNELO,CN,Anti-IFNAR biologics,16.73,34.3,26.2,4.38
2024-03-01,SAPHNELO,CN,Anti-IFNAR biologics,17.49,36.7,26.8,4.68
2024-04-01,SAPHNELO,CN,Anti-IFNAR biologics,16.53,36.7,28.1,4.64
2024-05-01,SAPHNELO,CN,Anti-IFNAR biologics,16.02,33.6,29.6,4.74
2024-06-01,SAPHNELO,CN,Anti-IFNAR biologics,16.38,34.9,31.3,5.13
2024-07-01,SAPHNELO,CN,Anti-IFNAR biologics,16.1,36.3,29.9,4.82
2024-08-01,SAPHNELO,CN,Anti-IFNAR biologics,16.76,33.6,29.4,4.93
2024-09-01,SAPHNELO,CN,Anti-IFNAR biologics,17.12,36.4,30.7,5.25
2024-10-01,SAPHNELO,CN,Anti-IFNAR biologics,16.11,35.0,34.1,5.5
2024-11-01,SAPHNELO,CN,Anti-IFNAR biologics,16.77,35.6,34.1,5.72
2024-12-01,SAPHNELO,CN,Anti-IFNAR biologics,16.72,34.5,36.1,6.04
2025-01-01,SAPHNELO,US,Anti-IFNAR biologics,116.73,33.8,37.4,43.62
2025-02-01,SAPHNELO,US,Anti-IFNAR biologics,114.9,33.2,38.5,44.29
2025-03-01,SAPHNELO,US,Anti-IFNAR biologics,115.82,33.9,41.7,48.3
2025-04-01,SAPHNELO,US,Anti-IFNAR biologics,116.99,33.8,40.6,47.46
2025-05-01,SAPHNELO,US,Anti-IFNAR biologics,112.83,34.5,43.5,49.03
2025-06-01,SAPHNELO,US,Anti-IFNAR biologics,111.42,35.0,46.3,51.55
2025-07-01,SAPHNELO,US,Anti-IFNAR biologics,112.42,33.5,44.1,49.55
2025-08-01,SAPHNELO,US,Anti-IFNAR biologics,115.33,36.3,43.7,50.4
2025-09-01,SAPHNELO,US,Anti-IFNAR biologics,109.75,35.8,49.5,54.37
2025-10-01,SAPHNELO,US,Anti-IFNAR biologics,116.41,34.1,48.8,56.82
2025-11-01,SAPHNELO,US,Anti-IFNAR biologics,110.31,33.0,54.5,60.13
2025-12-01,SAPHNELO,US,Anti-IFNAR biologics,115.27,34.1,54.8,63.22
2025-01-01,SAPHNELO,CN,Anti-IFNAR biologics,22.69,35.1,26.4,5.98
2025-02-01,SAPHNELO,CN,Anti-IFNAR biologics,21.74,35.9,27.9,6.07
2025-03-01,SAPHNELO,CN,Anti-IFNAR biologics,22.51,36.6,28.2,6.35
2025-04-01,SAPHNELO,CN,Anti-IFNAR biologics,23.06,34.2,27.7,6.38
2025-05-01,SAPHNELO,CN,Anti-IFNAR biologics,22.4,33.8,30.1,6.75
2025-06-01,SAPHNELO,CN,Anti-IFNAR biologics,21.98,37.0,31.6,6.95
2025-07-01,SAPHNELO,CN,Anti-IFNAR biologics,22.98,35.3,29.5,6.78
2025-08-01,SAPHNELO,CN,Anti-IFNAR biologics,23.04,33.6,29.9,6.88
2025-09-01,SAPHNELO,CN,Anti-IFNAR biologics,23.32,33.5,31.9,7.43
2025-10-01,SAPHNELO,CN,Anti-IFNAR biologics,23.29,36.7,33.4,7.78
2025-11-01,SAPHNELO,CN,Anti-IFNAR biologics,22.46,33.8,36.5,8.2
2025-12-01,SAPHNELO,CN,Anti-IFNAR biologics,22.3,35.5,38.2,8.52
2026-01-01,SAPHNELO,US,Anti-IFNAR biologics,158.1,36.6,35.8,56.6
2026-02-01,SAPHNELO,US,Anti-IFNAR biologics,157.03,34.3,37.3,58.63
2026-03-01,SAPHNELO,US,Anti-IFNAR biologics,159.07,36.0,38.3,60.85
2026-04-01,SAPHNELO,US,Anti-IFNAR biologics,146.45,35.6,42.3,61.9
2026-05-01,SAPHNELO,US,Anti-IFNAR biologics,153.24,36.2,40.9,62.75
2026-06-01,SAPHNELO,US,Anti-IFNAR biologics,154.81,35.0,43.6,67.42
2026-07-01,SAPHNELO,US,Anti-IFNAR biologics,146.11,34.3,43.9,64.21
2026-08-01,SAPHNELO,US,Anti-IFNAR biologics,155.14,33.0,42.5,65.87
2026-09-01,SAPHNELO,US,Anti-IFNAR biologics,153.93,34.9,45.8,70.52
2026-10-01,SAPHNELO,US,Anti-IFNAR biologics,158.38,35.8,47.3,74.87
2026-11-01,SAPHNELO,US,Anti-IFNAR biologics,148.19,36.9,50.6,75.02
2026-12-01,SAPHNELO,US,Anti-IFNAR biologics,146.68,34.5,55.2,80.92
2026-01-01,SAPHNELO,CN,Anti-IFNAR biologics,31.53,35.3,24.4,7.69
2026-02-01,SAPHNELO,CN,Anti-IFNAR biologics,31.0,35.8,24.8,7.7
2026-03-01,SAPHNELO,CN,Anti-IFNAR biologics,29.17,34.7,28.1,8.19
2026-04-01,SAPHNELO,CN,Anti-IFNAR biologics,31.11,34.3,27.1,8.43
2026-05-01,SAPHNELO,CN,Anti-IFNAR biologics,30.1,36.2,28.3,8.52
2026-06-01,SAPHNELO,CN,Anti-IFNAR biologics,29.75,37.0,30.3,9.03
2026-07-01,SAPHNELO,CN,Anti-IFNAR biologics,30.25,35.3,28.6,8.64
2026-08-01,SAPHNELO,CN,Anti-IFNAR biologics,30.7,33.1,28.9,8.86
2026-09-01,SAPHNELO,CN,Anti-IFNAR biologics,29.75,35.0,31.7,9.44
2026-10-01,SAPHNELO,CN,Anti-IFNAR biologics,30.77,34.9,33.2,10.22
2026-11-01,SAPHNELO,CN,Anti-IFNAR biologics,31.04,34.8,33.2,10.31
2026-12-01,SAPHNELO,CN,Anti-IFNAR biologics,29.27,36.5,38.2,11.18
2024-01-01,TEZSPIRE,US,Anti-TSLP biologics,216.37,38.5,19.6,42.47
2024-02-01,TEZSPIRE,US,Anti-TSLP biologics,206.64,41.3,20.9,43.09
2024-03-01,TEZSPIRE,US,Anti-TSLP biologics,205.92,39.9,21.9,45.16
2024-04-01,TEZSPIRE,US,Anti-TSLP biologics,216.49,38.6,21.0,45.42
2024-05-01,TEZSPIRE,US,Anti-TSLP biologics,211.53,40.7,22.1,46.65
2024-06-01,TEZSPIRE,US,Anti-TSLP biologics,207.0,38.1,23.7,49.12
2024-07-01,TEZSPIRE,US,Anti-TSLP biologics,212.37,38.4,22.5,47.87
2024-08-01,TEZSPIRE,US,Anti-TSLP biologics,212.71,40.8,23.5,50.05
2024-09-01,TEZSPIRE,US,Anti-TSLP biologics,198.6,41.3,26.3,52.22
2024-10-01,TEZSPIRE,US,Anti-TSLP biologics,206.1,38.3,26.6,54.82
2024-11-01,TEZSPIRE,US,Anti-TSLP biologics,203.28,40.8,27.8,56.51
2024-12-01,TEZSPIRE,US,Anti-TSLP biologics,216.06,39.9,27.9,60.2
2024-01-01,TEZSPIRE,CN,Anti-TSLP biologics,42.23,39.1,17.2,7.27
2024-02-01,TEZSPIRE,CN,Anti-TSLP biologics,42.2,40.6,17.8,7.51
2024-03-01,TEZSPIRE,CN,Anti-TSLP biologics,42.47,39.6,19.3,8.18
2024-04-01,TEZSPIRE,CN,Anti-TSLP biologics,41.94,38.9,19.4,8.12
2024-05-01,TEZSPIRE,CN,Anti-TSLP biologics,40.52,38.7,20.8,8.42
2024-06-01,TEZSPIRE,CN,Anti-TSLP biologics,43.61,41.0,20.4,8.89
2024-07-01,TEZSPIRE,CN,Anti-TSLP biologics,43.39,39.9,19.3,8.36
2024-08-01,TEZSPIRE,CN,Anti-TSLP biologics,42.36,39.5,20.4,8.64
2024-09-01,TEZSPIRE,CN,Anti-TSLP biologics,43.29,39.0,21.6,9.36
2024-10-01,TEZSPIRE,CN,Anti-TSLP biologics,43.61,38.1,22.1,9.66
2024-11-01,TEZSPIRE,CN,Anti-TSLP biologics,40.97,38.9,24.0,9.85
2024-12-01,TEZSPIRE,CN,Anti-TSLP biologics,40.07,39.5,26.3,10.54
2025-01-01,TEZSPIRE,US,Anti-TSLP biologics,298.52,40.7,20.3,60.57
2025-02-01,TEZSPIRE,US,Anti-TSLP biologics,305.72,38.0,20.5,62.59
2025-03-01,TEZSPIRE,US,Anti-TSLP biologics,305.2,38.6,21.7,66.12
2025-04-01,TEZSPIRE,US,Anti-TSLP biologics,304.68,38.1,21.8,66.36
2025-05-01,TEZSPIRE,US,Anti-TSLP biologics,288.71,40.0,23.4,67.48
2025-06-01,TEZSPIRE,US,Anti-TSLP biologics,300.35,39.2,23.6,70.82
2025-07-01,TEZSPIRE,US,Anti-TSLP biologics,280.78,38.8,24.1,67.54
2025-08-01,TEZSPIRE,US,Anti-TSLP biologics,304.16,40.3,22.9,69.77
2025-09-01,TEZSPIRE,US,Anti-TSLP biologics,301.51,41.9,24.6,74.1
2025-10-01,TEZSPIRE,US,Anti-TSLP biologics,293.01,39.7,26.7,78.3
2025-11-01,TEZSPIRE,US,Anti-TSLP biologics,282.14,41.7,28.3,79.82
2025-12-01,TEZSPIRE,US,Anti-TSLP biologics,293.46,40.4,28.8,84.59
2025-01-01,TEZSPIRE,CN,Anti-TSLP biologics,59.47,39.5,18.0,10.72
2025-02-01,TEZSPIRE,CN,Anti-TSLP biologics,60.47,38.8,17.8,10.78
2025-03-01,TEZSPIRE,CN,Anti-TSLP biologics,60.54,39.0,19.0,11.52
2025-04-01,TEZSPIRE,CN,Anti-TSLP biologics,57.37,38.3,19.7,11.31
2025-05-01,TEZSPIRE,CN,Anti-TSLP biologics,61.13,39.8,19.5,11.95
2025-06-01,TEZSPIRE,CN,Anti-TSLP biologics,56.57,41.1,22.1,12.52
2025-07-01,TEZSPIRE,CN,Anti-TSLP biologics,56.88,41.5,21.0,11.93
2025-08-01,TEZSPIRE,CN,Anti-TSLP biologics,58.51,38.1,21.0,12.31
2025-09-01,TEZSPIRE,CN,Anti-TSLP biologics,55.8,42.0,23.5,13.12
2025-10-01,TEZSPIRE,CN,Anti-TSLP biologics,57.88,38.6,24.3,14.07
2025-11-01,TEZSPIRE,CN,Anti-TSLP biologics,56.57,39.1,25.5,14.41
2025-12-01,TEZSPIRE,CN,Anti-TSLP biologics,59.87,39.6,25.7,15.38
2026-01-01,TEZSPIRE,US,Anti-TSLP biologics,406.28,41.0,20.8,84.39
2026-02-01,TEZSPIRE,US,Anti-TSLP biologics,408.74,41.9,20.8,84.93
2026-03-01,TEZSPIRE,US,Anti-TSLP biologics,388.02,39.1,23.3,90.34
2026-04-01,TEZSPIRE,US,Anti-TSLP biologics,416.13,38.7,22.1,92.12
2026-05-01,TEZSPIRE,US,Anti-TSLP biologics,417.34,38.3,23.0,95.82
2026-06-01,TEZSPIRE,US,Anti-TSLP biologics,410.72,39.1,24.6,101.04
2026-07-01,TEZSPIRE,US,Anti-TSLP biologics,419.54,40.2,22.5,94.24
2026-08-01,TEZSPIRE,US,Anti-TSLP biologics,423.84,40.6,23.5,99.4
2026-09-01,TEZSPIRE,US,Anti-TSLP biologics,397.97,41.1,25.8,102.57
2026-10-01,TEZSPIRE,US,Anti-TSLP biologics,426.64,40.2,26.1,111.21
2026-11-01,TEZSPIRE,US,Anti-TSLP biologics,419.13,41.5,26.9,112.8
2026-12-01,TEZSPIRE,US,Anti-TSLP biologics,417.62,40.9,29.4,122.61
2026-01-01,TEZSPIRE,CN,Anti-TSLP biologics,84.71,39.3,17.2,14.56
2026-02-01,TEZSPIRE,CN,Anti-TSLP biologics,82.93,42.0,18.1,15.02
2026-03-01,TEZSPIRE,CN,Anti-TSLP biologics,77.92,38.5,20.7,16.11
2026-04-01,TEZSPIRE,CN,Anti-TSLP biologics,77.71,38.9,20.4,15.88
2026-05-01,TEZSPIRE,CN,Anti-TSLP biologics,83.4,38.1,20.1,16.8
2026-06-01,TEZSPIRE,CN,Anti-TSLP biologics,85.7,40.2,20.7,17.71
2026-07-01,TEZSPIRE,CN,Anti-TSLP biologics,83.64,40.8,19.7,16.47
2026-08-01,TEZSPIRE,CN,Anti-TSLP biologics,84.88,39.4,20.0,16.99
2026-09-01,TEZSPIRE,CN,Anti-TSLP biologics,85.59,40.8,21.8,18.63
2026-10-01,TEZSPIRE,CN,Anti-TSLP biologics,80.37,40.6,24.1,19.35
2026-11-01,TEZSPIRE,CN,Anti-TSLP biologics,83.47,40.6,24.1,20.13
2026-12-01,TEZSPIRE,CN,Anti-TSLP biologics,84.2,40.4,25.4,21.39
2024-01-01,ULTOMIRIS,US,Complement C5 inhibitors,609.93,7.2,36.2,220.98
2024-02-01,ULTOMIRIS,US,Complement C5 inhibitors,579.26,7.8,39.6,229.24
2024-03-01,ULTOMIRIS,US,Complement C5 inhibitors,578.78,7.0,41.9,242.36
2024-04-01,ULTOMIRIS,US,Complement C5 inhibitors,583.67,6.6,41.6,243.01
2024-05-01,ULTOMIRIS,US,Complement C5 inhibitors,594.15,8.9,41.9,248.91
2024-06-01,ULTOMIRIS,US,Complement C5 inhibitors,587.18,9.5,45.6,267.67
2024-07-01,ULTOMIRIS,US,Complement C5 inhibitors,577.3,6.6,44.2,254.97
2024-08-01,ULTOMIRIS,US,Complement C5 inhibitors,580.83,9.2,45.1,261.76
2024-09-01,ULTOMIRIS,US,Complement C5 inhibitors,590.44,9.3,46.5,274.48
2024-10-01,ULTOMIRIS,US,Complement C5 inhibitors,599.87,7.1,48.8,292.47
2024-11-01,ULTOMIRIS,US,Complement C5 inhibitors,606.75,8.9,50.7,307.72
2024-12-01,ULTOMIRIS,US,Complement C5 inhibitors,589.1,9.4,54.4,320.19
2024-01-01,ULTOMIRIS,CN,Complement C5 inhibitors,128.24,7.6,38.4,49.2
2024-02-01,ULTOMIRIS,CN,Complement C5 inhibitors,124.89,9.4,41.4,51.7
2024-03-01,ULTOMIRIS,CN,Complement C5 inhibitors,125.15,6.4,42.6,53.29
2024-04-01,ULTOMIRIS,CN,Complement C5 inhibitors,119.03,9.9,44.8,53.36
2024-05-01,ULTOMIRIS,CN,Complement C5 inhibitors,126.55,9.4,43.2,54.66
2024-06-01,ULTOMIRIS,CN,Complement C5 inhibitors,122.54,9.7,48.8,59.78
2024-07-01,ULTOMIRIS,CN,Complement C5 inhibitors,125.87,9.0,45.1,56.71
2024-08-01,ULTOMIRIS,CN,Complement C5 inhibitors,122.38,6.4,47.1,57.61
2024-09-01,ULTOMIRIS,CN,Complement C5 inhibitors,122.13,6.2,51.2,62.58
2024-10-01,ULTOMIRIS,CN,Complement C5 inhibitors,123.57,9.5,52.4,64.77
2024-11-01,ULTOMIRIS,CN,Complement C5 inhibitors,127.58,8.3,53.1,67.76
2024-12-01,ULTOMIRIS,CN,Complement C5 inhibitors,122.79,9.2,58.9,72.31
2025-01-01,ULTOMIRIS,US,Complement C5 inhibitors,604.72,6.9,41.4,250.25
2025-02-01,ULTOMIRIS,US,Complement C5 inhibitors,653.08,7.5,39.5,258.03
2025-03-01,ULTOMIRIS,US,Complement C5 inhibitors,651.41,9.1,42.2,274.77
2025-04-01,ULTOMIRIS,US,Complement C5 inhibitors,629.37,7.3,44.0,276.78
2025-05-01,ULTOMIRIS,US,Complement C5 inhibitors,623.5,8.0,45.2,281.73
2025-06-01,ULTOMIRIS,US,Complement C5 inhibitors,599.34,7.3,50.1,300.3
2025-07-01,ULTOMIRIS,US,Complement C5 inhibitors,630.25,8.3,46.2,291.27
2025-08-01,ULTOMIRIS,US,Complement C5 inhibitors,618.17,9.9,49.1,303.4
2025-09-01,ULTOMIRIS,US,Complement C5 inhibitors,631.14,7.5,50.9,320.97
2025-10-01,ULTOMIRIS,US,Complement C5 inhibitors,638.41,9.7,52.2,333.29
2025-11-01,ULTOMIRIS,US,Complement C5 inhibitors,651.45,8.7,52.1,339.68
2025-12-01,ULTOMIRIS,US,Complement C5 inhibitors,628.35,8.1,57.6,361.62
2025-01-01,ULTOMIRIS,CN,Complement C5 inhibitors,134.44,8.8,41.6,55.9
2025-02-01,ULTOMIRIS,CN,Complement C5 inhibitors,130.12,7.7,44.9,58.48
2025-03-01,ULTOMIRIS,CN,Complement C5 inhibitors,131.44,9.2,45.7,60.07
2025-04-01,ULTOMIRIS,CN,Complement C5 inhibitors,134.6,6.9,44.6,60.03
2025-05-01,ULTOMIRIS,CN,Complement C5 inhibitors,131.68,8.1,47.5,62.56
2025-06-01,ULTOMIRIS,CN,Complement C5 inhibitors,136.53,8.4,48.5,66.22
2025-07-01,ULTOMIRIS,CN,Complement C5 inhibitors,138.41,7.4,45.6,63.06
2025-08-01,ULTOMIRIS,CN,Complement C5 inhibitors,132.83,10.0,48.6,64.55
2025-09-01,ULTOMIRIS,CN,Complement C5 inhibitors,139.52,9.3,49.4,68.94
2025-10-01,ULTOMIRIS,CN,Complement C5 inhibitors,138.77,6.1,53.8,74.72
2025-11-01,ULTOMIRIS,CN,Complement C5 inhibitors,140.47,9.1,53.8,75.54
2025-12-01,ULTOMIRIS,CN,Complement C5 inhibitors,139.35,9.4,56.9,79.24
2026-01-01,ULTOMIRIS,US,Complement C5 inhibitors,685.26,7.1,41.9,287.33
2026-02-01,ULTOMIRIS,US,Complement C5 inhibitors,661.57,7.5,43.2,286.08
2026-03-01,ULTOMIRIS,US,Complement C5 inhibitors,660.91,6.4,47.5,313.85
2026-04-01,ULTOMIRIS,US,Complement C5 inhibitors,706.27,8.6,43.7,308.55
2026-05-01,ULTOMIRIS,US,Complement C5 inhibitors,693.77,8.5,46.2,320.49
2026-06-01,ULTOMIRIS,US,Complement C5 inhibitors,648.47,6.9,51.1,331.12
2026-07-01,ULTOMIRIS,US,Complement C5 inhibitors,711.0,8.9,44.5,316.68
2026-08-01,ULTOMIRIS,US,Complement C5 inhibitors,654.8,8.1,50.2,328.78
2026-09-01,ULTOMIRIS,US,Complement C5 inhibitors,703.4,9.0,50.7,356.74
2026-10-01,ULTOMIRIS,US,Complement C5 inhibitors,712.13,9.4,51.4,365.68
2026-11-01,ULTOMIRIS,US,Complement C5 inhibitors,689.73,9.6,56.3,388.35
2026-12-01,ULTOMIRIS,US,Complement C5 inhibitors,675.09,7.9,60.8,410.45
2026-01-01,ULTOMIRIS,CN,Complement C5 inhibitors,145.34,8.2,43.1,62.7
2026-02-01,ULTOMIRIS,CN,Complement C5 inhibitors,144.26,9.2,44.3,63.96
2026-03-01,ULTOMIRIS,CN,Complement C5 inhibitors,147.88,7.8,46.2,68.31
2026-04-01,ULTOMIRIS,CN,Complement C5 inhibitors,148.88,9.1,44.8,66.75
2026-05-01,ULTOMIRIS,CN,Complement C5 inhibitors,149.49,8.6,45.9,68.6
2026-06-01,ULTOMIRIS,CN,Complement C5 inhibitors,141.26,9.7,53.3,75.35
2026-07-01,ULTOMIRIS,CN,Complement C5 inhibitors,152.1,6.6,45.6,69.37
2026-08-01,ULTOMIRIS,CN,Complement C5 inhibitors,143.24,8.4,51.6,73.85
2026-09-01,ULTOMIRIS,CN,Complement C5 inhibitors,152.23,6.5,50.3,76.54
2026-10-01,ULTOMIRIS,CN,Complement C5 inhibitors,142.35,7.4,57.6,82.02
2026-11-01,ULTOMIRIS,CN,Complement C5 inhibitors,149.65,7.9,56.4,84.44
2026-12-01,ULTOMIRIS,CN,Complement C5 inhibitors,149.74,7.8,59.2,88.62
2024-01-01,SOLIRIS,US,Complement C5 inhibitors,612.22,6.9,23.7,144.98
2024-02-01,SOLIRIS,US,Complement C5 inhibitors,576.24,8.1,26.1,150.68
2024-03-01,SOLIRIS,US,Complement C5 inhibitors,588.14,7.6,27.1,159.13
2024-04-01,SOLIRIS,US,Complement C5 inhibitors,598.84,8.0,26.3,157.6
2024-05-01,SOLIRIS,US,Complement C5 inhibitors,602.71,9.5,26.9,162.14
2024-06-01,SOLIRIS,US,Complement C5 inhibitors,564.45,9.1,31.3,176.85
2024-07-01,SOLIRIS,US,Complement C5 inhibitors,598.39,9.2,27.8,166.57
2024-08-01,SOLIRIS,US,Complement C5 inhibitors,570.81,7.3,29.9,170.53
2024-09-01,SOLIRIS,US,Complement C5 inhibitors,594.3,8.8,30.1,179.04
2024-10-01,SOLIRIS,US,Complement C5 inhibitors,588.46,8.2,33.4,196.39
2024-11-01,SOLIRIS,US,Complement C5 inhibitors,575.66,8.0,34.3,197.32
2024-12-01,SOLIRIS,US,Complement C5 inhibitors,588.82,7.8,35.6,209.51
2024-01-01,SOLIRIS,CN,Complement C5 inhibitors,122.72,7.6,29.8,36.57
2024-02-01,SOLIRIS,CN,Complement C5 inhibitors,129.4,8.9,29.6,38.33
2024-03-01,SOLIRIS,CN,Complement C5 inhibitors,127.55,7.9,31.5,40.16
2024-04-01,SOLIRIS,CN,Complement C5 inhibitors,130.63,7.6,31.1,40.66
2024-05-01,SOLIRIS,CN,Complement C5 inhibitors,131.09,8.6,31.8,41.73
2024-06-01,SOLIRIS,CN,Complement C5 inhibitors,125.32,9.2,35.1,44.0
2024-07-01,SOLIRIS,CN,Complement C5 inhibitors,125.25,9.0,32.8,41.06
2024-08-01,SOLIRIS,CN,Complement C5 inhibitors,125.21,7.7,34.0,42.63
2024-09-01,SOLIRIS,CN,Complement C5 inhibitors,127.72,9.0,35.1,44.83
2024-10-01,SOLIRIS,CN,Complement C5 inhibitors,119.73,6.9,40.5,48.52
2024-11-01,SOLIRIS,CN,Complement C5 inhibitors,125.93,8.5,39.0,49.07
2024-12-01,SOLIRIS,CN,Complement C5 inhibitors,122.38,8.5,43.9,53.78
2025-01-01,SOLIRIS,US,Complement C5 inhibitors,627.52,8.0,4.6,28.7
2025-02-01,SOLIRIS,US,Complement C5 inhibitors,634.47,6.6,4.6,29.14
2025-03-01,SOLIRIS,US,Complement C5 inhibitors,641.01,8.0,4.8,31.05
2025-04-01,SOLIRIS,US,Complement C5 inhibitors,647.76,7.5,4.7,30.19
2025-05-01,SOLIRIS,US,Complement C5 inhibitors,650.83,7.2,4.9,31.95
2025-06-01,SOLIRIS,US,Complement C5 inhibitors,658.98,9.8,5.1,33.38
2025-07-01,SOLIRIS,US,Complement C5 inhibitors,653.81,8.7,4.9,31.92
2025-08-01,SOLIRIS,US,Complement C5 inhibitors,634.42,8.8,5.1,32.64
2025-09-01,SOLIRIS,US,Complement C5 inhibitors,633.4,8.5,5.6,35.19
2025-10-01,SOLIRIS,US,Complement C5 inhibitors,649.54,9.2,5.8,37.8
2025-11-01,SOLIRIS,US,Complement C5 inhibitors,599.78,8.2,6.3,37.59
2025-12-01,SOLIRIS,US,Complement C5 inhibitors,639.12,6.1,6.4,40.79
2025-01-01,SOLIRIS,CN,Complement C5 inhibitors,136.12,9.0,5.1,6.91
2025-02-01,SOLIRIS,CN,Complement C5 inhibitors,128.83,8.8,5.7,7.33
2025-03-01,SOLIRIS,CN,Complement C5 inhibitors,134.26,8.5,5.7,7.6
2025-04-01,SOLIRIS,CN,Complement C5 inhibitors,138.84,10.0,5.6,7.78
2025-05-01,SOLIRIS,CN,Complement C5 inhibitors,128.44,8.0,6.2,7.97
2025-06-01,SOLIRIS,CN,Complement C5 inhibitors,128.27,7.1,6.6,8.43
2025-07-01,SOLIRIS,CN,Complement C5 inhibitors,140.94,8.1,5.7,7.97
2025-08-01,SOLIRIS,CN,Complement C5 inhibitors,134.78,6.7,6.1,8.19
2025-09-01,SOLIRIS,CN,Complement C5 inhibitors,130.36,6.7,6.7,8.69
2025-10-01,SOLIRIS,CN,Complement C5 inhibitors,139.83,9.6,6.6,9.21
2025-11-01,SOLIRIS,CN,Complement C5 inhibitors,132.21,9.9,7.2,9.51
2025-12-01,SOLIRIS,CN,Complement C5 inhibitors,137.6,9.8,7.3,10.05
2026-01-01,SOLIRIS,US,Complement C5 inhibitors,658.63,6.9,2.6,16.84
2026-02-01,SOLIRIS,US,Complement C5 inhibitors,708.3,6.8,2.5,17.57
2026-03-01,SOLIRIS,US,Complement C5 inhibitors,710.54,7.3,2.6,18.21
2026-04-01,SOLIRIS,US,Complement C5 inhibitors,710.65,7.9,2.6,18.28
2026-05-01,SOLIRIS,US,Complement C5 inhibitors,692.34,8.7,2.7,19.02
2026-06-01,SOLIRIS,US,Complement C5 inhibitors,680.24,6.9,3.0,20.45
2026-07-01,SOLIRIS,US,Complement C5 inhibitors,707.83,9.1,2.8,19.55
2026-08-01,SOLIRIS,US,Complement C5 inhibitors,655.23,9.2,3.0,19.68
2026-09-01,SOLIRIS,US,Complement C5 inhibitors,698.71,8.1,3.0,20.96
2026-10-01,SOLIRIS,US,Complement C5 inhibitors,679.18,6.2,3.3,22.35
2026-11-01,SOLIRIS,US,Complement C5 inhibitors,691.67,6.0,3.3,22.65
2026-12-01,SOLIRIS,US,Complement C5 inhibitors,694.61,8.4,3.5,24.2
2026-01-01,SOLIRIS,CN,Complement C5 inhibitors,147.2,7.9,2.9,4.24
2026-02-01,SOLIRIS,CN,Complement C5 inhibitors,142.36,7.6,3.0,4.31
2026-03-01,SOLIRIS,CN,Complement C5 inhibitors,151.45,9.9,3.0,4.61
2026-04-01,SOLIRIS,CN,Complement C5 inhibitors,147.32,8.0,3.1,4.6
2026-05-01,SOLIRIS,CN,Complement C5 inhibitors,148.26,7.9,3.2,4.78
2026-06-01,SOLIRIS,CN,Complement C5 inhibitors,150.08,9.6,3.4,5.08
2026-07-01,SOLIRIS,CN,Complement C5 inhibitors,149.44,7.8,3.2,4.74
2026-08-01,SOLIRIS,CN,Complement C5 inhibitors,149.46,6.7,3.3,4.95
2026-09-01,SOLIRIS,CN,Complement C5 inhibitors,149.71,7.5,3.6,5.35
2026-10-01,SOLIRIS,CN,Complement C5 inhibitors,144.68,8.6,3.8,5.55
2026-11-01,SOLIRIS,CN,Complement C5 inhibitors,142.08,10.0,4.1,5.84
2026-12-01,SOLIRIS,CN,Complement C5 inhibitors,139.25,6.6,4.5,6.21
2024-01-01,STRENSIQ,US,Enzyme replacement therapies,237.76,7.9,35.6,84.64
2024-02-01,STRENSIQ,US,Enzyme replacement therapies,256.48,7.0,33.5,86.0
2024-03-01,STRENSIQ,US,Enzyme replacement therapies,254.03,4.7,36.8,93.42
2024-04-01,STRENSIQ,US,Enzyme replacement therapies,254.71,6.6,36.5,92.92
2024-05-01,STRENSIQ,US,Enzyme replacement therapies,244.94,5.8,38.3,93.76
2024-06-01,STRENSIQ,US,Enzyme replacement therapies,247.15,7.8,39.9,98.54
2024-07-01,STRENSIQ,US,Enzyme replacement therapies,247.88,6.7,38.2,94.68
2024-08-01,STRENSIQ,US,Enzyme replacement therapies,260.99,4.7,37.7,98.3
2024-09-01,STRENSIQ,US,Enzyme replacement therapies,246.97,5.0,42.5,105.07
2024-10-01,STRENSIQ,US,Enzyme replacement therapies,254.94,7.2,44.0,112.15
2024-11-01,STRENSIQ,US,Enzyme replacement therapies,242.62,5.6,46.9,113.84
2024-12-01,STRENSIQ,US,Enzyme replacement therapies,260.8,4.4,46.0,119.92
2024-01-01,STRENSIQ,CN,Enzyme replacement therapies,41.22,8.0,36.0,14.83
2024-02-01,STRENSIQ,CN,Enzyme replacement therapies,40.49,4.1,37.2,15.05
2024-03-01,STRENSIQ,CN,Enzyme replacement therapies,42.3,4.8,38.9,16.47
2024-04-01,STRENSIQ,CN,Enzyme replacement therapies,40.19,7.7,40.0,16.09
2024-05-01,STRENSIQ,CN,Enzyme replacement therapies,42.89,4.2,38.6,16.56
2024-06-01,STRENSIQ,CN,Enzyme replacement therapies,42.41,5.6,41.3,17.5
2024-07-01,STRENSIQ,CN,Enzyme replacement therapies,39.82,6.0,41.7,16.61
2024-08-01,STRENSIQ,CN,Enzyme replacement therapies,43.21,7.9,40.7,17.58
2024-09-01,STRENSIQ,CN,Enzyme replacement therapies,42.96,7.4,42.0,18.04
2024-10-01,STRENSIQ,CN,Enzyme replacement therapies,39.81,5.2,48.6,19.35
2024-11-01,STRENSIQ,CN,Enzyme replacement therapies,43.37,4.4,46.6,20.2
2024-12-01,STRENSIQ,CN,Enzyme replacement therapies,40.44,6.6,53.4,21.6
2025-01-01,STRENSIQ,US,Enzyme replacement therapies,275.25,7.1,37.4,102.81
2025-02-01,STRENSIQ,US,Enzyme replacement therapies,267.54,6.3,39.8,106.55
2025-03-01,STRENSIQ,US,Enzyme replacement therapies,266.17,5.8,41.3,109.91
2025-04-01,STRENSIQ,US,Enzyme replacement therapies,264.17,4.2,42.7,112.89
2025-05-01,STRENSIQ,US,Enzyme replacement therapies,261.3,6.1,44.2,115.49
2025-06-01,STRENSIQ,US,Enzyme replacement therapies,267.25,7.1,45.9,122.59
2025-07-01,STRENSIQ,US,Enzyme replacement therapies,264.32,7.9,44.6,117.88
2025-08-01,STRENSIQ,US,Enzyme replacement therapies,270.12,7.7,44.4,119.84
2025-09-01,STRENSIQ,US,Enzyme replacement therapies,261.93,7.1,48.5,126.97
2025-10-01,STRENSIQ,US,Enzyme replacement therapies,276.41,5.3,48.3,133.37
2025-11-01,STRENSIQ,US,Enzyme replacement therapies,270.4,4.7,50.4,136.41
2025-12-01,STRENSIQ,US,Enzyme replacement therapies,273.54,5.9,54.5,149.14
2025-01-01,STRENSIQ,CN,Enzyme replacement therapies,43.06,7.0,40.9,17.63
2025-02-01,STRENSIQ,CN,Enzyme replacement therapies,45.69,5.1,39.9,18.24
2025-03-01,STRENSIQ,CN,Enzyme replacement therapies,43.55,5.9,44.6,19.44
2025-04-01,STRENSIQ,CN,Enzyme replacement therapies,45.02,7.0,44.0,19.8
2025-05-01,STRENSIQ,CN,Enzyme replacement therapies,46.33,6.1,44.2,20.46
2025-06-01,STRENSIQ,CN,Enzyme replacement therapies,42.72,6.5,49.6,21.17
2025-07-01,STRENSIQ,CN,Enzyme replacement therapies,43.61,6.9,46.1,20.1
2025-08-01,STRENSIQ,CN,Enzyme replacement therapies,43.52,5.7,48.4,21.05
2025-09-01,STRENSIQ,CN,Enzyme replacement therapies,42.33,5.7,52.1,22.04
2025-10-01,STRENSIQ,CN,Enzyme replacement therapies,46.32,5.5,51.7,23.96
2025-11-01,STRENSIQ,CN,Enzyme replacement therapies,44.42,4.6,54.8,24.33
2025-12-01,STRENSIQ,CN,Enzyme replacement therapies,42.93,5.5,59.5,25.53
2026-01-01,STRENSIQ,US,Enzyme replacement therapies,271.84,7.7,42.5,115.44
2026-02-01,STRENSIQ,US,Enzyme replacement therapies,289.25,5.4,40.8,118.14
2026-03-01,STRENSIQ,US,Enzyme replacement therapies,270.89,7.4,45.6,123.48
2026-04-01,STRENSIQ,US,Enzyme replacement therapies,281.66,6.0,44.0,123.98
2026-05-01,STRENSIQ,US,Enzyme replacement therapies,277.38,7.6,45.2,125.48
2026-06-01,STRENSIQ,US,Enzyme replacement therapies,276.71,7.6,50.0,138.31
2026-07-01,STRENSIQ,US,Enzyme replacement therapies,285.08,5.2,45.2,128.88
2026-08-01,STRENSIQ,US,Enzyme replacement therapies,293.35,5.6,44.5,130.6
2026-09-01,STRENSIQ,US,Enzyme replacement therapies,285.51,7.4,49.8,142.26
2026-10-01,STRENSIQ,US,Enzyme replacement therapies,280.87,5.6,53.9,151.48
2026-11-01,STRENSIQ,US,Enzyme replacement therapies,285.84,5.3,54.2,154.85
2026-12-01,STRENSIQ,US,Enzyme replacement therapies,279.63,4.6,59.5,166.35
2026-01-01,STRENSIQ,CN,Enzyme replacement therapies,45.93,7.7,43.7,20.08
2026-02-01,STRENSIQ,CN,Enzyme replacement therapies,46.12,4.1,44.1,20.36
2026-03-01,STRENSIQ,CN,Enzyme replacement therapies,47.65,6.2,45.1,21.51
2026-04-01,STRENSIQ,CN,Enzyme replacement therapies,47.52,5.3,46.9,22.3
2026-05-01,STRENSIQ,CN,Enzyme replacement therapies,44.53,4.0,51.7,23.02
2026-06-01,STRENSIQ,CN,Enzyme replacement therapies,48.71,6.2,50.0,24.37
2026-07-01,STRENSIQ,CN,Enzyme replacement therapies,47.66,5.7,48.3,23.01
2026-08-01,STRENSIQ,CN,Enzyme replacement therapies,47.26,7.2,48.9,23.09
2026-09-01,STRENSIQ,CN,Enzyme replacement therapies,45.69,6.0,54.7,24.98
2026-10-01,STRENSIQ,CN,Enzyme replacement therapies,44.85,4.8,60.0,26.91
2026-11-01,STRENSIQ,CN,Enzyme replacement therapies,46.96,7.1,58.0,27.25
2026-12-01,STRENSIQ,CN,Enzyme replacement therapies,47.04,5.7,61.3,28.82
2024-01-01,BEYFORTUS,US,RSV preventive antibodies,261.32,50.3,15.3,39.91
2024-02-01,BEYFORTUS,US,RSV preventive antibodies,259.02,48.6,16.0,41.48
2024-03-01,BEYFORTUS,US,RSV preventive antibodies,259.13,50.8,17.1,44.43
2024-04-01,BEYFORTUS,US,RSV preventive antibodies,260.5,48.7,16.8,43.89
2024-05-01,BEYFORTUS,US,RSV preventive antibodies,240.36,51.7,18.8,45.15
2024-06-01,BEYFORTUS,US,RSV preventive antibodies,246.12,48.7,19.9,49.06
2024-07-01,BEYFORTUS,US,RSV preventive antibodies,249.62,48.8,18.2,45.43
2024-08-01,BEYFORTUS,US,RSV preventive antibodies,259.65,50.0,18.5,47.96
2024-09-01,BEYFORTUS,US,RSV preventive antibodies,244.71,49.3,20.5,50.11
2024-10-01,BEYFORTUS,US,RSV preventive antibodies,245.58,48.7,21.9,53.79
2024-11-01,BEYFORTUS,US,RSV preventive antibodies,252.51,48.0,21.7,54.73
2024-12-01,BEYFORTUS,US,RSV preventive antibodies,260.21,48.0,22.1,57.63
2024-01-01,BEYFORTUS,CN,RSV preventive antibodies,41.29,48.1,21.5,8.86
2024-02-01,BEYFORTUS,CN,RSV preventive antibodies,41.8,51.0,22.1,9.24
2024-03-01,BEYFORTUS,CN,RSV preventive antibodies,40.9,48.5,23.3,9.52
2024-04-01,BEYFORTUS,CN,RSV preventive antibodies,41.9,49.8,23.1,9.67
2024-05-01,BEYFORTUS,CN,RSV preventive antibodies,40.83,51.9,24.8,10.14
2024-06-01,BEYFORTUS,CN,RSV preventive antibodies,40.55,49.7,26.2,10.61
2024-07-01,BEYFORTUS,CN,RSV preventive antibodies,40.44,49.8,24.6,9.94
2024-08-01,BEYFORTUS,CN,RSV preventive antibodies,41.79,49.4,24.5,10.22
2024-09-01,BEYFORTUS,CN,RSV preventive antibodies,41.46,49.2,26.4,10.96
2024-10-01,BEYFORTUS,CN,RSV preventive antibodies,42.7,50.7,27.5,11.73
2024-11-01,BEYFORTUS,CN,RSV preventive antibodies,41.03,50.6,29.3,12.03
2024-12-01,BEYFORTUS,CN,RSV preventive antibodies,41.09,48.5,31.7,13.03
2025-01-01,BEYFORTUS,US,RSV preventive antibodies,374.21,49.9,13.7,51.15
2025-02-01,BEYFORTUS,US,RSV preventive antibodies,374.38,48.9,14.4,53.86
2025-03-01,BEYFORTUS,US,RSV preventive antibodies,380.26,48.3,15.0,56.91
2025-04-01,BEYFORTUS,US,RSV preventive antibodies,364.58,49.1,15.8,57.72
2025-05-01,BEYFORTUS,US,RSV preventive antibodies,373.32,49.5,15.5,57.9
2025-06-01,BEYFORTUS,US,RSV preventive antibodies,390.09,48.3,16.1,62.72
2025-07-01,BEYFORTUS,US,RSV preventive antibodies,388.39,50.5,15.3,59.28
2025-08-01,BEYFORTUS,US,RSV preventive antibodies,391.04,51.0,15.5,60.62
2025-09-01,BEYFORTUS,US,RSV preventive antibodies,387.47,49.9,16.9,65.66
2025-10-01,BEYFORTUS,US,RSV preventive antibodies,370.25,50.4,18.3,67.78
2025-11-01,BEYFORTUS,US,RSV preventive antibodies,381.33,51.4,18.6,70.81
2025-12-01,BEYFORTUS,US,RSV preventive antibodies,364.54,50.9,20.3,73.95
2025-01-01,BEYFORTUS,CN,RSV preventive antibodies,61.39,50.3,18.8,11.55
2025-02-01,BEYFORTUS,CN,RSV preventive antibodies,62.95,49.1,18.3,11.55
2025-03-01,BEYFORTUS,CN,RSV preventive antibodies,65.16,49.2,19.4,12.61
2025-04-01,BEYFORTUS,CN,RSV preventive antibodies,60.16,50.6,21.0,12.65
2025-05-01,BEYFORTUS,CN,RSV preventive antibodies,64.81,48.4,19.7,12.74
2025-06-01,BEYFORTUS,CN,RSV preventive antibodies,60.22,50.4,22.2,13.34
2025-07-01,BEYFORTUS,CN,RSV preventive antibodies,60.92,51.5,21.1,12.85
2025-08-01,BEYFORTUS,CN,RSV preventive antibodies,59.72,51.9,22.6,13.49
2025-09-01,BEYFORTUS,CN,RSV preventive antibodies,61.92,48.9,22.8,14.14
2025-10-01,BEYFORTUS,CN,RSV preventive antibodies,61.7,51.2,24.2,14.96
2025-11-01,BEYFORTUS,CN,RSV preventive antibodies,64.85,49.5,23.9,15.53
2025-12-01,BEYFORTUS,CN,RSV preventive antibodies,65.28,49.3,25.0,16.3
2026-01-01,BEYFORTUS,US,RSV preventive antibodies,577.34,49.3,12.2,70.4
2026-02-01,BEYFORTUS,US,RSV preventive antibodies,560.85,50.6,12.8,71.68
2026-03-01,BEYFORTUS,US,RSV preventive antibodies,565.43,51.1,13.4,75.89
2026-04-01,BEYFORTUS,US,RSV preventive antibodies,578.63,51.9,13.1,75.78
2026-05-01,BEYFORTUS,US,RSV preventive antibodies,560.54,51.8,14.2,79.48
2026-06-01,BEYFORTUS,US,RSV preventive antibodies,548.3,50.4,14.9,81.52
2026-07-01,BEYFORTUS,US,RSV preventive antibodies,560.75,48.9,13.9,77.73
2026-08-01,BEYFORTUS,US,RSV preventive antibodies,570.44,50.1,14.3,81.84
2026-09-01,BEYFORTUS,US,RSV preventive antibodies,548.28,49.7,15.8,86.43
2026-10-01,BEYFORTUS,US,RSV preventive antibodies,556.02,48.1,16.7,92.84
2026-11-01,BEYFORTUS,US,RSV preventive antibodies,562.47,50.3,16.8,94.26
2026-12-01,BEYFORTUS,US,RSV preventive antibodies,562.42,51.2,17.8,100.12
2026-01-01,BEYFORTUS,CN,RSV preventive antibodies,97.45,50.9,15.9,15.47
2026-02-01,BEYFORTUS,CN,RSV preventive antibodies,98.16,51.0,16.3,15.98
2026-03-01,BEYFORTUS,CN,RSV preventive antibodies,95.5,48.1,17.6,16.83
2026-04-01,BEYFORTUS,CN,RSV preventive antibodies,93.2,48.9,18.0,16.76
2026-05-01,BEYFORTUS,CN,RSV preventive antibodies,90.77,51.8,19.0,17.23
2026-06-01,BEYFORTUS,CN,RSV preventive antibodies,92.86,48.6,19.4,17.99
2026-07-01,BEYFORTUS,CN,RSV preventive antibodies,93.91,49.4,18.8,17.62
2026-08-01,BEYFORTUS,CN,RSV preventive antibodies,92.68,48.1,19.4,17.94
2026-09-01,BEYFORTUS,CN,RSV preventive antibodies,94.89,50.7,19.9,18.86
2026-10-01,BEYFORTUS,CN,RSV preventive antibodies,95.98,49.7,20.6,19.76
2026-11-01,BEYFORTUS,CN,RSV preventive antibodies,90.2,49.8,22.8,20.59
2026-12-01,BEYFORTUS,CN,RSV preventive antibodies,92.06,50.3,24.2,22.31
