period_date,target_type,entity_id,market_id,budget_amount,forecast_amount
2023-01-01,revenue,TAGRISSO,US,319.7,307.45
2023-02-01,revenue,TAGRISSO,US,313.12,314.5
2023-03-01,revenue,TAGRISSO,US,332.67,332.77
2023-04-01,revenue,TAGRISSO,US,331.87,335.0
2023-05-01,revenue,TAGRISSO,US,356.84,349.04
2023-06-01,revenue,TAGRISSO,US,377.56,372.64
2023-07-01,revenue,TAGRISSO,US,359.81,358.72
2023-08-01,revenue,TAGRISSO,US,357.1,357.2
2023-09-01,revenue,TAGRISSO,US,379.72,383.75
2023-10-01,revenue,TAGRISSO,US,410.65,398.65
2023-11-01,revenue,TAGRISSO,US,412.61,413.43
2023-12-01,revenue,TAGRISSO,US,442.34,446.9
2023-01-01,revenue,TAGRISSO,CN,105.02,105.16
2023-02-01,revenue,TAGRISSO,CN,107.36,105.71
2023-03-01,revenue,TAGRISSO,CN,111.25,110.99
2023-04-01,revenue,TAGRISSO,CN,113.82,110.57
2023-05-01,revenue,TAGRISSO,CN,118.88,117.08
2023-06-01,revenue,TAGRISSO,CN,126.76,122.53
2023-07-01,revenue,TAGRISSO,CN,118.96,118.06
2023-08-01,revenue,TAGRISSO,CN,124.24,121.15
2023-09-01,revenue,TAGRISSO,CN,128.09,126.69
2023-10-01,revenue,TAGRISSO,CN,138.17,136.72
2023-11-01,revenue,TAGRISSO,CN,143.45,137.84
2023-12-01,revenue,TAGRISSO,CN,150.75,149.63
2024-01-01,revenue,TAGRISSO,US,351.81,353.99
2024-02-01,revenue,TAGRISSO,US,358.05,362.44
2024-03-01,revenue,TAGRISSO,US,390.48,379.95
2024-04-01,revenue,TAGRISSO,US,383.47,375.18
2024-05-01,revenue,TAGRISSO,US,395.98,389.74
2024-06-01,revenue,TAGRISSO,US,435.37,421.63
2024-07-01,revenue,TAGRISSO,US,405.78,403.73
2024-08-01,revenue,TAGRISSO,US,421.17,413.1
2024-09-01,revenue,TAGRISSO,US,433.59,431.82
2024-10-01,revenue,TAGRISSO,US,481.62,462.91
2024-11-01,revenue,TAGRISSO,US,482.15,465.97
2024-12-01,revenue,TAGRISSO,US,507.21,503.91
2024-01-01,revenue,TAGRISSO,CN,121.09,118.27
2024-02-01,revenue,TAGRISSO,CN,122.19,119.39
2024-03-01,revenue,TAGRISSO,CN,129.41,127.73
2024-04-01,revenue,TAGRISSO,CN,129.05,127.45
2024-05-01,revenue,TAGRISSO,CN,137.63,132.88
2024-06-01,revenue,TAGRISSO,CN,143.11,139.88
2024-07-01,revenue,TAGRISSO,CN,133.51,130.32
2024-08-01,revenue,TAGRISSO,CN,136.0,136.81
2024-09-01,revenue,TAGRISSO,CN,148.57,145.73
2024-10-01,revenue,TAGRISSO,CN,156.9,151.29
2024-11-01,revenue,TAGRISSO,CN,160.29,160.09
2024-12-01,revenue,TAGRISSO,CN,170.32,170.01
2025-01-01,revenue,TAGRISSO,US,397.98,394.14
2025-02-01,revenue,TAGRISSO,US,411.9,402.47
2025-03-01,revenue,TAGRISSO,US,446.65,433.71
2025-04-01,revenue,TAGRISSO,US,441.99,431.2
2025-05-01,revenue,TAGRISSO,US,439.49,427.18
2025-06-01,revenue,TAGRISSO,US,482.59,468.49
2025-07-01,revenue,TAGRISSO,US,453.07,444.98
2025-08-01,revenue,TAGRISSO,US,460.84,458.2
2025-09-01,revenue,TAGRISSO,US,488.23,473.45
2025-10-01,revenue,TAGRISSO,US,523.41,514.03
2025-11-01,revenue,TAGRISSO,US,534.08,519.37
2025-12-01,revenue,TAGRISSO,US,569.75,563.22
2025-01-01,revenue,TAGRISSO,CN,131.2,129.38
2025-02-01,revenue,TAGRISSO,CN,136.35,132.95
2025-03-01,revenue,TAGRISSO,CN,145.14,143.55
2025-04-01,revenue,TAGRISSO,CN,140.64,139.82
2025-05-01,revenue,TAGRISSO,CN,144.11,143.52
2025-06-01,revenue,TAGRISSO,CN,154.91,151.9
2025-07-01,revenue,TAGRISSO,CN,146.46,143.51
2025-08-01,revenue,TAGRISSO,CN,154.81,152.84
2025-09-01,revenue,TAGRISSO,CN,167.89,162.92
2025-10-01,revenue,TAGRISSO,CN,176.49,172.99
2025-11-01,revenue,TAGRISSO,CN,174.42,174.55
2025-12-01,revenue,TAGRISSO,CN,188.81,184.71
2023-01-01,revenue,IMFINZI,US,246.76,239.01
2023-02-01,revenue,IMFINZI,US,256.82,242.65
2023-03-01,revenue,IMFINZI,US,275.34,265.65
2023-04-01,revenue,IMFINZI,US,273.68,264.68
2023-05-01,revenue,IMFINZI,US,274.78,269.19
2023-06-01,revenue,IMFINZI,US,294.71,286.15
2023-07-01,revenue,IMFINZI,US,290.78,277.7
2023-08-01,revenue,IMFINZI,US,288.16,280.78
2023-09-01,revenue,IMFINZI,US,310.52,299.88
2023-10-01,revenue,IMFINZI,US,323.63,317.62
2023-11-01,revenue,IMFINZI,US,335.14,322.91
2023-12-01,revenue,IMFINZI,US,357.27,339.13
2023-01-01,revenue,IMFINZI,CN,60.58,59.85
2023-02-01,revenue,IMFINZI,CN,62.65,61.07
2023-03-01,revenue,IMFINZI,CN,67.87,66.4
2023-04-01,revenue,IMFINZI,CN,68.72,65.28
2023-05-01,revenue,IMFINZI,CN,68.6,67.58
2023-06-01,revenue,IMFINZI,CN,73.88,72.98
2023-07-01,revenue,IMFINZI,CN,71.35,69.65
2023-08-01,revenue,IMFINZI,CN,72.94,69.52
2023-09-01,revenue,IMFINZI,CN,74.96,72.69
2023-10-01,revenue,IMFINZI,CN,83.35,78.19
2023-11-01,revenue,IMFINZI,CN,83.46,82.05
2023-12-01,revenue,IMFINZI,CN,89.97,85.73
2024-01-01,revenue,IMFINZI,US,276.84,265.74
2024-02-01,revenue,IMFINZI,US,289.65,280.37
2024-03-01,revenue,IMFINZI,US,308.78,295.14
2024-04-01,revenue,IMFINZI,US,309.9,297.08
2024-05-01,revenue,IMFINZI,US,320.27,300.94
2024-06-01,revenue,IMFINZI,US,321.95,316.14
2024-07-01,revenue,IMFINZI,US,322.15,311.71
2024-08-01,revenue,IMFINZI,US,337.64,322.41
2024-09-01,revenue,IMFINZI,US,356.37,337.15
2024-10-01,revenue,IMFINZI,US,368.37,360.49
2024-11-01,revenue,IMFINZI,US,381.58,367.48
2024-12-01,revenue,IMFINZI,US,397.76,382.35
2024-01-01,revenue,IMFINZI,CN,69.26,67.68
2024-02-01,revenue,IMFINZI,CN,73.64,70.21
2024-03-01,revenue,IMFINZI,CN,73.6,73.11
2024-04-01,revenue,IMFINZI,CN,74.6,72.57
2024-05-01,revenue,IMFINZI,CN,79.61,76.42
2024-06-01,revenue,IMFINZI,CN,82.93,80.46
2024-07-01,revenue,IMFINZI,CN,78.65,77.07
2024-08-01,revenue,IMFINZI,CN,82.4,79.39
2024-09-01,revenue,IMFINZI,CN,83.82,82.59
2024-10-01,revenue,IMFINZI,CN,93.88,89.19
2024-11-01,revenue,IMFINZI,CN,93.22,92.02
2024-12-01,revenue,IMFINZI,CN,103.32,98.69
2025-01-01,revenue,IMFINZI,US,361.69,344.77
2025-02-01,revenue,IMFINZI,US,376.46,362.43
2025-03-01,revenue,IMFINZI,US,395.4,378.47
2025-04-01,revenue,IMFINZI,US,401.13,385.02
2025-05-01,revenue,IMFINZI,US,407.46,390.95
2025-06-01,revenue,IMFINZI,US,430.64,419.38
2025-07-01,revenue,IMFINZI,US,400.37,389.62
2025-08-01,revenue,IMFINZI,US,418.76,408.68
2025-09-01,revenue,IMFINZI,US,449.05,434.81
2025-10-01,revenue,IMFINZI,US,481.07,455.34
2025-11-01,revenue,IMFINZI,US,481.43,475.34
2025-12-01,revenue,IMFINZI,US,526.24,509.24
2025-01-01,revenue,IMFINZI,CN,91.67,88.64
2025-02-01,revenue,IMFINZI,CN,92.39,91.39
2025-03-01,revenue,IMFINZI,CN,100.79,96.34
2025-04-01,revenue,IMFINZI,CN,101.88,96.2
2025-05-01,revenue,IMFINZI,CN,101.85,98.04
2025-06-01,revenue,IMFINZI,CN,105.63,101.92
2025-07-01,revenue,IMFINZI,CN,103.82,99.83
2025-08-01,revenue,IMFINZI,CN,106.83,101.44
2025-09-01,revenue,IMFINZI,CN,115.16,108.38
2025-10-01,revenue,IMFINZI,CN,119.14,117.0
2025-11-01,revenue,IMFINZI,CN,122.07,117.13
2025-12-01,revenue,IMFINZI,CN,126.66,122.81
2023-01-01,revenue,LYNPARZA,US,154.36,158.4
2023-02-01,revenue,LYNPARZA,US,159.82,162.57
2023-03-01,revenue,LYNPARZA,US,169.69,170.17
2023-04-01,revenue,LYNPARZA,US,173.24,174.9
2023-05-01,revenue,LYNPARZA,US,178.26,181.65
2023-06-01,revenue,LYNPARZA,US,186.37,190.15
2023-07-01,revenue,LYNPARZA,US,181.25,182.56
2023-08-01,revenue,LYNPARZA,US,180.54,189.14
2023-09-01,revenue,LYNPARZA,US,190.6,196.94
2023-10-01,revenue,LYNPARZA,US,204.45,208.03
2023-11-01,revenue,LYNPARZA,US,205.37,213.37
2023-12-01,revenue,LYNPARZA,US,231.44,235.59
2023-01-01,revenue,LYNPARZA,CN,34.1,35.01
2023-02-01,revenue,LYNPARZA,CN,34.4,35.4
2023-03-01,revenue,LYNPARZA,CN,37.33,38.46
2023-04-01,revenue,LYNPARZA,CN,38.22,38.53
2023-05-01,revenue,LYNPARZA,CN,38.71,39.41
2023-06-01,revenue,LYNPARZA,CN,41.56,41.75
2023-07-01,revenue,LYNPARZA,CN,37.59,38.94
2023-08-01,revenue,LYNPARZA,CN,40.9,42.07
2023-09-01,revenue,LYNPARZA,CN,43.02,44.01
2023-10-01,revenue,LYNPARZA,CN,46.29,47.03
2023-11-01,revenue,LYNPARZA,CN,47.69,48.18
2023-12-01,revenue,LYNPARZA,CN,50.89,51.61
2024-01-01,revenue,LYNPARZA,US,205.53,209.62
2024-02-01,revenue,LYNPARZA,US,211.22,220.25
2024-03-01,revenue,LYNPARZA,US,220.27,232.33
2024-04-01,revenue,LYNPARZA,US,224.78,228.44
2024-05-01,revenue,LYNPARZA,US,231.93,240.88
2024-06-01,revenue,LYNPARZA,US,241.55,249.39
2024-07-01,revenue,LYNPARZA,US,224.98,236.77
2024-08-01,revenue,LYNPARZA,US,239.06,244.88
2024-09-01,revenue,LYNPARZA,US,256.33,261.93
2024-10-01,revenue,LYNPARZA,US,278.82,279.59
2024-11-01,revenue,LYNPARZA,US,288.58,294.54
2024-12-01,revenue,LYNPARZA,US,297.66,300.06
2024-01-01,revenue,LYNPARZA,CN,45.14,46.71
2024-02-01,revenue,LYNPARZA,CN,46.97,47.58
2024-03-01,revenue,LYNPARZA,CN,50.26,51.11
2024-04-01,revenue,LYNPARZA,CN,49.01,50.75
2024-05-01,revenue,LYNPARZA,CN,49.57,51.93
2024-06-01,revenue,LYNPARZA,CN,53.85,55.69
2024-07-01,revenue,LYNPARZA,CN,50.05,52.46
2024-08-01,revenue,LYNPARZA,CN,54.17,54.38
2024-09-01,revenue,LYNPARZA,CN,54.96,56.23
2024-10-01,revenue,LYNPARZA,CN,61.2,61.51
2024-11-01,revenue,LYNPARZA,CN,61.39,63.57
2024-12-01,revenue,LYNPARZA,CN,65.72,67.17
2025-01-01,revenue,LYNPARZA,US,185.42,188.84
2025-02-01,revenue,LYNPARZA,US,188.07,192.2
2025-03-01,revenue,LYNPARZA,US,200.44,201.14
2025-04-01,revenue,LYNPARZA,US,195.6,206.48
2025-05-01,revenue,LYNPARZA,US,205.94,216.19
2025-06-01,revenue,LYNPARZA,US,219.31,224.03
2025-07-01,revenue,LYNPARZA,US,214.62,215.92
2025-08-01,revenue,LYNPARZA,US,213.8,222.59
2025-09-01,revenue,LYNPARZA,US,224.02,231.73
2025-10-01,revenue,LYNPARZA,US,244.05,247.2
2025-11-01,revenue,LYNPARZA,US,242.69,251.28
2025-12-01,revenue,LYNPARZA,US,262.09,268.54
2025-01-01,revenue,LYNPARZA,CN,40.57,41.55
2025-02-01,revenue,LYNPARZA,CN,41.55,42.11
2025-03-01,revenue,LYNPARZA,CN,45.22,46.0
2025-04-01,revenue,LYNPARZA,CN,44.31,45.42
2025-05-01,revenue,LYNPARZA,CN,46.2,47.18
2025-06-01,revenue,LYNPARZA,CN,48.28,49.18
2025-07-01,revenue,LYNPARZA,CN,44.84,45.96
2025-08-01,revenue,LYNPARZA,CN,46.43,47.33
2025-09-01,revenue,LYNPARZA,CN,50.13,50.71
2025-10-01,revenue,LYNPARZA,CN,53.79,54.88
2025-11-01,revenue,LYNPARZA,CN,54.89,56.66
2025-12-01,revenue,LYNPARZA,CN,56.35,58.9
2023-01-01,revenue,CALQUENCE,US,151.22,149.03
2023-02-01,revenue,CALQUENCE,US,163.57,159.03
2023-03-01,revenue,CALQUENCE,US,166.34,165.07
2023-04-01,revenue,CALQUENCE,US,162.19,163.26
2023-05-01,revenue,CALQUENCE,US,172.26,166.73
2023-06-01,revenue,CALQUENCE,US,187.49,183.32
2023-07-01,revenue,CALQUENCE,US,175.85,171.38
2023-08-01,revenue,CALQUENCE,US,186.51,178.84
2023-09-01,revenue,CALQUENCE,US,190.14,189.63
2023-10-01,revenue,CALQUENCE,US,205.52,202.91
2023-11-01,revenue,CALQUENCE,US,213.67,205.1
2023-12-01,revenue,CALQUENCE,US,226.48,223.32
2023-01-01,revenue,CALQUENCE,CN,27.31,26.84
2023-02-01,revenue,CALQUENCE,CN,27.88,27.46
2023-03-01,revenue,CALQUENCE,CN,29.95,29.08
2023-04-01,revenue,CALQUENCE,CN,29.41,28.86
2023-05-01,revenue,CALQUENCE,CN,30.11,29.19
2023-06-01,revenue,CALQUENCE,CN,32.04,31.61
2023-07-01,revenue,CALQUENCE,CN,30.06,30.11
2023-08-01,revenue,CALQUENCE,CN,32.29,31.28
2023-09-01,revenue,CALQUENCE,CN,33.42,33.27
2023-10-01,revenue,CALQUENCE,CN,35.01,34.95
2023-11-01,revenue,CALQUENCE,CN,36.02,35.94
2023-12-01,revenue,CALQUENCE,CN,40.21,38.83
2024-01-01,revenue,CALQUENCE,US,191.46,186.86
2024-02-01,revenue,CALQUENCE,US,192.04,190.19
2024-03-01,revenue,CALQUENCE,US,206.67,203.14
2024-04-01,revenue,CALQUENCE,US,207.24,208.1
2024-05-01,revenue,CALQUENCE,US,219.96,214.26
2024-06-01,revenue,CALQUENCE,US,237.01,228.2
2024-07-01,revenue,CALQUENCE,US,216.97,210.48
2024-08-01,revenue,CALQUENCE,US,225.7,219.75
2024-09-01,revenue,CALQUENCE,US,240.45,232.17
2024-10-01,revenue,CALQUENCE,US,252.22,245.36
2024-11-01,revenue,CALQUENCE,US,258.36,252.17
2024-12-01,revenue,CALQUENCE,US,271.82,265.2
2024-01-01,revenue,CALQUENCE,CN,33.67,32.3
2024-02-01,revenue,CALQUENCE,CN,35.24,34.26
2024-03-01,revenue,CALQUENCE,CN,35.98,35.72
2024-04-01,revenue,CALQUENCE,CN,36.59,36.08
2024-05-01,revenue,CALQUENCE,CN,37.39,36.5
2024-06-01,revenue,CALQUENCE,CN,39.51,39.0
2024-07-01,revenue,CALQUENCE,CN,37.38,37.08
2024-08-01,revenue,CALQUENCE,CN,39.63,38.8
2024-09-01,revenue,CALQUENCE,CN,41.53,41.57
2024-10-01,revenue,CALQUENCE,CN,44.77,43.12
2024-11-01,revenue,CALQUENCE,CN,47.13,45.05
2024-12-01,revenue,CALQUENCE,CN,50.14,48.41
2025-01-01,revenue,CALQUENCE,US,215.62,206.03
2025-02-01,revenue,CALQUENCE,US,219.79,216.18
2025-03-01,revenue,CALQUENCE,US,229.83,227.01
2025-04-01,revenue,CALQUENCE,US,239.1,230.7
2025-05-01,revenue,CALQUENCE,US,244.2,238.17
2025-06-01,revenue,CALQUENCE,US,257.91,249.82
2025-07-01,revenue,CALQUENCE,US,246.05,242.31
2025-08-01,revenue,CALQUENCE,US,252.98,251.94
2025-09-01,revenue,CALQUENCE,US,270.16,258.12
2025-10-01,revenue,CALQUENCE,US,281.62,279.34
2025-11-01,revenue,CALQUENCE,US,299.97,287.46
2025-12-01,revenue,CALQUENCE,US,303.47,300.21
2025-01-01,revenue,CALQUENCE,CN,36.83,36.68
2025-02-01,revenue,CALQUENCE,CN,39.54,38.67
2025-03-01,revenue,CALQUENCE,CN,42.37,41.31
2025-04-01,revenue,CALQUENCE,CN,41.51,40.83
2025-05-01,revenue,CALQUENCE,CN,42.45,41.62
2025-06-01,revenue,CALQUENCE,CN,47.02,45.19
2025-07-01,revenue,CALQUENCE,CN,44.15,42.91
2025-08-01,revenue,CALQUENCE,CN,44.72,43.15
2025-09-01,revenue,CALQUENCE,CN,48.09,46.5
2025-10-01,revenue,CALQUENCE,CN,50.15,48.59
2025-11-01,revenue,CALQUENCE,CN,51.49,50.96
2025-12-01,revenue,CALQUENCE,CN,54.36,53.53
2023-01-01,revenue,ENHERTU,US,82.29,77.96
2023-02-01,revenue,ENHERTU,US,84.19,79.19
2023-03-01,revenue,ENHERTU,US,88.29,84.29
2023-04-01,revenue,ENHERTU,US,89.21,84.91
2023-05-01,revenue,ENHERTU,US,91.88,86.82
2023-06-01,revenue,ENHERTU,US,99.31,94.06
2023-07-01,revenue,ENHERTU,US,91.86,88.78
2023-08-01,revenue,ENHERTU,US,94.44,88.52
2023-09-01,revenue,ENHERTU,US,99.99,97.64
2023-10-01,revenue,ENHERTU,US,107.64,100.19
2023-11-01,revenue,ENHERTU,US,111.67,104.78
2023-12-01,revenue,ENHERTU,US,115.22,111.11
2023-01-01,revenue,ENHERTU,CN,16.34,15.62
2023-02-01,revenue,ENHERTU,CN,17.11,16.63
2023-03-01,revenue,ENHERTU,CN,17.76,17.24
2023-04-01,revenue,ENHERTU,CN,18.53,17.6
2023-05-01,revenue,ENHERTU,CN,18.58,17.81
2023-06-01,revenue,ENHERTU,CN,19.84,18.89
2023-07-01,revenue,ENHERTU,CN,18.44,17.84
2023-08-01,revenue,ENHERTU,CN,19.84,18.64
2023-09-01,revenue,ENHERTU,CN,20.46,19.52
2023-10-01,revenue,ENHERTU,CN,21.3,20.72
2023-11-01,revenue,ENHERTU,CN,22.59,21.75
2023-12-01,revenue,ENHERTU,CN,23.43,22.79
2024-01-01,revenue,ENHERTU,US,124.91,120.04
2024-02-01,revenue,ENHERTU,US,131.37,122.84
2024-03-01,revenue,ENHERTU,US,134.61,129.17
2024-04-01,revenue,ENHERTU,US,133.58,128.38
2024-05-01,revenue,ENHERTU,US,140.53,132.59
2024-06-01,revenue,ENHERTU,US,150.85,143.49
2024-07-01,revenue,ENHERTU,US,142.86,136.52
2024-08-01,revenue,ENHERTU,US,143.51,138.36
2024-09-01,revenue,ENHERTU,US,154.08,145.99
2024-10-01,revenue,ENHERTU,US,159.09,155.89
2024-11-01,revenue,ENHERTU,US,163.68,159.45
2024-12-01,revenue,ENHERTU,US,174.75,169.15
2024-01-01,revenue,ENHERTU,CN,24.97,24.25
2024-02-01,revenue,ENHERTU,CN,25.88,25.22
2024-03-01,revenue,ENHERTU,CN,27.44,26.43
2024-04-01,revenue,ENHERTU,CN,26.75,26.18
2024-05-01,revenue,ENHERTU,CN,28.77,28.12
2024-06-01,revenue,ENHERTU,CN,29.88,28.84
2024-07-01,revenue,ENHERTU,CN,29.45,27.82
2024-08-01,revenue,ENHERTU,CN,29.86,28.18
2024-09-01,revenue,ENHERTU,CN,31.43,30.03
2024-10-01,revenue,ENHERTU,CN,33.29,32.48
2024-11-01,revenue,ENHERTU,CN,34.42,32.29
2024-12-01,revenue,ENHERTU,CN,35.57,34.56
2025-01-01,revenue,ENHERTU,US,174.65,168.96
2025-02-01,revenue,ENHERTU,US,178.81,172.11
2025-03-01,revenue,ENHERTU,US,188.35,181.91
2025-04-01,revenue,ENHERTU,US,187.2,182.66
2025-05-01,revenue,ENHERTU,US,198.43,187.93
2025-06-01,revenue,ENHERTU,US,209.46,200.81
2025-07-01,revenue,ENHERTU,US,192.85,185.89
2025-08-01,revenue,ENHERTU,US,199.92,192.96
2025-09-01,revenue,ENHERTU,US,219.09,207.97
2025-10-01,revenue,ENHERTU,US,223.31,215.57
2025-11-01,revenue,ENHERTU,US,233.98,225.7
2025-12-01,revenue,ENHERTU,US,251.47,235.45
2025-01-01,revenue,ENHERTU,CN,35.69,34.15
2025-02-01,revenue,ENHERTU,CN,37.99,35.88
2025-03-01,revenue,ENHERTU,CN,38.66,37.35
2025-04-01,revenue,ENHERTU,CN,39.66,37.55
2025-05-01,revenue,ENHERTU,CN,40.31,38.25
2025-06-01,revenue,ENHERTU,CN,42.63,41.16
2025-07-01,revenue,ENHERTU,CN,40.45,39.14
2025-08-01,revenue,ENHERTU,CN,40.56,39.45
2025-09-01,revenue,ENHERTU,CN,43.75,41.64
2025-10-01,revenue,ENHERTU,CN,47.11,44.46
2025-11-01,revenue,ENHERTU,CN,48.28,46.57
2025-12-01,revenue,ENHERTU,CN,52.21,49.42
2023-01-01,revenue,KOSELUGO,US,19.3,18.36
2023-02-01,revenue,KOSELUGO,US,19.96,19.6
2023-03-01,revenue,KOSELUGO,US,21.71,20.66
2023-04-01,revenue,KOSELUGO,US,20.82,20.53
2023-05-01,revenue,KOSELUGO,US,22.06,21.37
2023-06-01,revenue,KOSELUGO,US,23.11,23.04
2023-07-01,revenue,KOSELUGO,US,21.97,21.67
2023-08-01,revenue,KOSELUGO,US,22.57,21.87
2023-09-01,revenue,KOSELUGO,US,23.86,23.15
2023-10-01,revenue,KOSELUGO,US,25.92,24.83
2023-11-01,revenue,KOSELUGO,US,26.71,25.42
2023-12-01,revenue,KOSELUGO,US,28.16,27.06
2023-01-01,revenue,KOSELUGO,CN,2.62,2.53
2023-02-01,revenue,KOSELUGO,CN,2.82,2.68
2023-03-01,revenue,KOSELUGO,CN,2.97,2.82
2023-04-01,revenue,KOSELUGO,CN,2.85,2.82
2023-05-01,revenue,KOSELUGO,CN,2.97,2.91
2023-06-01,revenue,KOSELUGO,CN,3.08,3.03
2023-07-01,revenue,KOSELUGO,CN,2.92,2.91
2023-08-01,revenue,KOSELUGO,CN,3.13,3.07
2023-09-01,revenue,KOSELUGO,CN,3.28,3.2
2023-10-01,revenue,KOSELUGO,CN,3.51,3.4
2023-11-01,revenue,KOSELUGO,CN,3.64,3.52
2023-12-01,revenue,KOSELUGO,CN,3.85,3.71
2024-01-01,revenue,KOSELUGO,US,38.2,37.43
2024-02-01,revenue,KOSELUGO,US,41.32,39.68
2024-03-01,revenue,KOSELUGO,US,42.19,41.17
2024-04-01,revenue,KOSELUGO,US,41.43,40.45
2024-05-01,revenue,KOSELUGO,US,42.55,41.96
2024-06-01,revenue,KOSELUGO,US,47.09,45.39
2024-07-01,revenue,KOSELUGO,US,44.4,43.08
2024-08-01,revenue,KOSELUGO,US,43.89,42.94
2024-09-01,revenue,KOSELUGO,US,48.19,47.24
2024-10-01,revenue,KOSELUGO,US,51.67,50.16
2024-11-01,revenue,KOSELUGO,US,53.57,51.32
2024-12-01,revenue,KOSELUGO,US,54.7,53.63
2024-01-01,revenue,KOSELUGO,CN,5.39,5.23
2024-02-01,revenue,KOSELUGO,CN,5.42,5.36
2024-03-01,revenue,KOSELUGO,CN,5.7,5.58
2024-04-01,revenue,KOSELUGO,CN,5.82,5.61
2024-05-01,revenue,KOSELUGO,CN,5.82,5.79
2024-06-01,revenue,KOSELUGO,CN,6.46,6.22
2024-07-01,revenue,KOSELUGO,CN,6.09,5.88
2024-08-01,revenue,KOSELUGO,CN,6.39,6.14
2024-09-01,revenue,KOSELUGO,CN,6.41,6.28
2024-10-01,revenue,KOSELUGO,CN,6.84,6.65
2024-11-01,revenue,KOSELUGO,CN,7.26,6.94
2024-12-01,revenue,KOSELUGO,CN,7.72,7.5
2025-01-01,revenue,KOSELUGO,US,59.3,57.27
2025-02-01,revenue,KOSELUGO,US,57.86,57.35
2025-03-01,revenue,KOSELUGO,US,62.85,62.0
2025-04-01,revenue,KOSELUGO,US,64.82,61.62
2025-05-01,revenue,KOSELUGO,US,65.73,63.9
2025-06-01,revenue,KOSELUGO,US,70.29,67.5
2025-07-01,revenue,KOSELUGO,US,67.18,65.16
2025-08-01,revenue,KOSELUGO,US,69.63,66.71
2025-09-01,revenue,KOSELUGO,US,73.77,70.78
2025-10-01,revenue,KOSELUGO,US,75.2,75.07
2025-11-01,revenue,KOSELUGO,US,77.96,74.98
2025-12-01,revenue,KOSELUGO,US,83.8,81.39
2025-01-01,revenue,KOSELUGO,CN,7.75,7.59
2025-02-01,revenue,KOSELUGO,CN,8.36,8.06
2025-03-01,revenue,KOSELUGO,CN,8.59,8.53
2025-04-01,revenue,KOSELUGO,CN,8.88,8.51
2025-05-01,revenue,KOSELUGO,CN,9.12,8.71
2025-06-01,revenue,KOSELUGO,CN,9.55,9.3
2025-07-01,revenue,KOSELUGO,CN,8.79,8.7
2025-08-01,revenue,KOSELUGO,CN,9.18,8.96
2025-09-01,revenue,KOSELUGO,CN,10.11,9.59
2025-10-01,revenue,KOSELUGO,CN,10.47,10.17
2025-11-01,revenue,KOSELUGO,CN,11.15,10.58
2025-12-01,revenue,KOSELUGO,CN,11.12,10.91
2023-01-01,revenue,TRUQAP,US,0.0,0.0
2023-02-01,revenue,TRUQAP,US,0.0,0.0
2023-03-01,revenue,TRUQAP,US,0.0,0.0
2023-04-01,revenue,TRUQAP,US,0.0,0.0
2023-05-01,revenue,TRUQAP,US,0.0,0.0
2023-06-01,revenue,TRUQAP,US,0.0,0.0
2023-07-01,revenue,TRUQAP,US,0.0,0.0
2023-08-01,revenue,TRUQAP,US,0.0,0.0
2023-09-01,revenue,TRUQAP,US,0.0,0.0
2023-10-01,revenue,TRUQAP,US,0.0,0.0
2023-11-01,revenue,TRUQAP,US,0.0,0.0
2023-12-01,revenue,TRUQAP,US,0.0,0.0
2023-01-01,revenue,TRUQAP,CN,0.0,0.0
2023-02-01,revenue,TRUQAP,CN,0.0,0.0
2023-03-01,revenue,TRUQAP,CN,0.0,0.0
2023-04-01,revenue,TRUQAP,CN,0.0,0.0
2023-05-01,revenue,TRUQAP,CN,0.0,0.0
2023-06-01,revenue,TRUQAP,CN,0.0,0.0
2023-07-01,revenue,TRUQAP,CN,0.0,0.0
2023-08-01,revenue,TRUQAP,CN,0.0,0.0
2023-09-01,revenue,TRUQAP,CN,0.0,0.0
2023-10-01,revenue,TRUQAP,CN,0.0,0.0
2023-11-01,revenue,TRUQAP,CN,0.0,0.0
2023-12-01,revenue,TRUQAP,CN,0.0,0.0
2024-01-01,revenue,TRUQAP,US,13.66,12.77
2024-02-01,revenue,TRUQAP,US,14.38,13.53
2024-03-01,revenue,TRUQAP,US,15.18,14.19
2024-04-01,revenue,TRUQAP,US,14.74,14.05
2024-05-01,revenue,TRUQAP,US,15.62,14.7
2024-06-01,revenue,TRUQAP,US,16.85,15.61
2024-07-01,revenue,TRUQAP,US,15.79,14.94
2024-08-01,revenue,TRUQAP,US,16.15,15.46
2024-09-01,revenue,TRUQAP,US,17.23,16.2
2024-10-01,revenue,TRUQAP,US,18.38,17.42
2024-11-01,revenue,TRUQAP,US,18.87,17.59
2024-12-01,revenue,TRUQAP,US,20.19,19.15
2024-01-01,revenue,TRUQAP,CN,1.56,1.43
2024-02-01,revenue,TRUQAP,CN,1.59,1.52
2024-03-01,revenue,TRUQAP,CN,1.71,1.61
2024-04-01,revenue,TRUQAP,CN,1.68,1.57
2024-05-01,revenue,TRUQAP,CN,1.77,1.64
2024-06-01,revenue,TRUQAP,CN,1.86,1.72
2024-07-01,revenue,TRUQAP,CN,1.76,1.67
2024-08-01,revenue,TRUQAP,CN,1.83,1.73
2024-09-01,revenue,TRUQAP,CN,1.89,1.8
2024-10-01,revenue,TRUQAP,CN,1.98,1.89
2024-11-01,revenue,TRUQAP,CN,2.15,2.0
2024-12-01,revenue,TRUQAP,CN,2.21,2.03
2025-01-01,revenue,TRUQAP,US,27.99,26.1
2025-02-01,revenue,TRUQAP,US,28.56,26.77
2025-03-01,revenue,TRUQAP,US,30.36,28.91
2025-04-01,revenue,TRUQAP,US,29.97,28.6
2025-05-01,revenue,TRUQAP,US,30.93,28.95
2025-06-01,revenue,TRUQAP,US,32.18,30.59
2025-07-01,revenue,TRUQAP,US,30.22,29.18
2025-08-01,revenue,TRUQAP,US,32.73,31.22
2025-09-01,revenue,TRUQAP,US,34.91,32.58
2025-10-01,revenue,TRUQAP,US,36.95,34.66
2025-11-01,revenue,TRUQAP,US,36.45,34.58
2025-12-01,revenue,TRUQAP,US,38.85,36.79
2025-01-01,revenue,TRUQAP,CN,3.07,2.88
2025-02-01,revenue,TRUQAP,CN,3.2,2.99
2025-03-01,revenue,TRUQAP,CN,3.37,3.21
2025-04-01,revenue,TRUQAP,CN,3.35,3.16
2025-05-01,revenue,TRUQAP,CN,3.55,3.3
2025-06-01,revenue,TRUQAP,CN,3.68,3.36
2025-07-01,revenue,TRUQAP,CN,3.41,3.29
2025-08-01,revenue,TRUQAP,CN,3.51,3.32
2025-09-01,revenue,TRUQAP,CN,3.81,3.58
2025-10-01,revenue,TRUQAP,CN,3.97,3.82
2025-11-01,revenue,TRUQAP,CN,4.28,4.0
2025-12-01,revenue,TRUQAP,CN,4.33,4.12
2023-01-01,revenue,FARXIGA,US,328.59,333.38
2023-02-01,revenue,FARXIGA,US,326.7,333.06
2023-03-01,revenue,FARXIGA,US,352.54,356.93
2023-04-01,revenue,FARXIGA,US,349.77,360.37
2023-05-01,revenue,FARXIGA,US,360.29,366.36
2023-06-01,revenue,FARXIGA,US,381.0,385.92
2023-07-01,revenue,FARXIGA,US,365.82,373.74
2023-08-01,revenue,FARXIGA,US,364.23,376.13
2023-09-01,revenue,FARXIGA,US,388.05,399.01
2023-10-01,revenue,FARXIGA,US,421.86,433.34
2023-11-01,revenue,FARXIGA,US,427.54,436.34
2023-12-01,revenue,FARXIGA,US,464.44,474.73
2023-01-01,revenue,FARXIGA,CN,90.18,92.12
2023-02-01,revenue,FARXIGA,CN,91.31,92.78
2023-03-01,revenue,FARXIGA,CN,96.66,98.93
2023-04-01,revenue,FARXIGA,CN,100.28,102.52
2023-05-01,revenue,FARXIGA,CN,98.93,102.7
2023-06-01,revenue,FARXIGA,CN,107.0,109.13
2023-07-01,revenue,FARXIGA,CN,99.49,103.61
2023-08-01,revenue,FARXIGA,CN,103.04,107.01
2023-09-01,revenue,FARXIGA,CN,114.16,116.29
2023-10-01,revenue,FARXIGA,CN,119.77,122.18
2023-11-01,revenue,FARXIGA,CN,125.22,125.42
2023-12-01,revenue,FARXIGA,CN,130.77,132.39
2024-01-01,revenue,FARXIGA,US,404.78,417.4
2024-02-01,revenue,FARXIGA,US,427.8,432.22
2024-03-01,revenue,FARXIGA,US,448.65,457.57
2024-04-01,revenue,FARXIGA,US,441.93,455.4
2024-05-01,revenue,FARXIGA,US,465.15,476.36
2024-06-01,revenue,FARXIGA,US,475.92,488.14
2024-07-01,revenue,FARXIGA,US,456.5,470.23
2024-08-01,revenue,FARXIGA,US,478.51,491.57
2024-09-01,revenue,FARXIGA,US,508.69,514.86
2024-10-01,revenue,FARXIGA,US,534.06,551.78
2024-11-01,revenue,FARXIGA,US,562.84,567.13
2024-12-01,revenue,FARXIGA,US,597.56,608.85
2024-01-01,revenue,FARXIGA,CN,117.63,119.11
2024-02-01,revenue,FARXIGA,CN,116.39,120.91
2024-03-01,revenue,FARXIGA,CN,127.52,127.61
2024-04-01,revenue,FARXIGA,CN,124.18,129.91
2024-05-01,revenue,FARXIGA,CN,132.05,132.7
2024-06-01,revenue,FARXIGA,CN,135.29,139.79
2024-07-01,revenue,FARXIGA,CN,132.61,134.56
2024-08-01,revenue,FARXIGA,CN,137.43,139.83
2024-09-01,revenue,FARXIGA,CN,145.75,145.08
2024-10-01,revenue,FARXIGA,CN,151.88,154.71
2024-11-01,revenue,FARXIGA,CN,158.89,163.34
2024-12-01,revenue,FARXIGA,CN,162.97,166.77
2025-01-01,revenue,FARXIGA,US,444.94,462.29
2025-02-01,revenue,FARXIGA,US,469.4,475.16
2025-03-01,revenue,FARXIGA,US,501.73,508.4
2025-04-01,revenue,FARXIGA,US,495.56,505.22
2025-05-01,revenue,FARXIGA,US,497.19,513.06
2025-06-01,revenue,FARXIGA,US,540.78,546.49
2025-07-01,revenue,FARXIGA,US,507.91,517.3
2025-08-01,revenue,FARXIGA,US,510.62,533.19
2025-09-01,revenue,FARXIGA,US,564.65,572.41
2025-10-01,revenue,FARXIGA,US,583.67,593.22
2025-11-01,revenue,FARXIGA,US,608.7,609.92
2025-12-01,revenue,FARXIGA,US,658.81,673.04
2025-01-01,revenue,FARXIGA,CN,123.46,127.89
2025-02-01,revenue,FARXIGA,CN,129.01,130.57
2025-03-01,revenue,FARXIGA,CN,140.66,141.3
2025-04-01,revenue,FARXIGA,CN,137.59,139.57
2025-05-01,revenue,FARXIGA,CN,143.5,144.49
2025-06-01,revenue,FARXIGA,CN,146.29,151.23
2025-07-01,revenue,FARXIGA,CN,144.73,149.73
2025-08-01,revenue,FARXIGA,CN,146.96,151.73
2025-09-01,revenue,FARXIGA,CN,158.04,158.67
2025-10-01,revenue,FARXIGA,CN,164.67,167.83
2025-11-01,revenue,FARXIGA,CN,172.9,174.99
2025-12-01,revenue,FARXIGA,CN,176.67,182.91
2023-01-01,revenue,BRILINTA,US,64.34,65.83
2023-02-01,revenue,BRILINTA,US,65.34,65.94
2023-03-01,revenue,BRILINTA,US,67.94,72.06
2023-04-01,revenue,BRILINTA,US,68.91,70.11
2023-05-01,revenue,BRILINTA,US,71.35,73.5
2023-06-01,revenue,BRILINTA,US,73.47,76.52
2023-07-01,revenue,BRILINTA,US,71.65,73.94
2023-08-01,revenue,BRILINTA,US,73.65,74.71
2023-09-01,revenue,BRILINTA,US,77.15,80.21
2023-10-01,revenue,BRILINTA,US,81.95,85.18
2023-11-01,revenue,BRILINTA,US,86.24,88.56
2023-12-01,revenue,BRILINTA,US,90.24,93.91
2023-01-01,revenue,BRILINTA,CN,23.87,24.72
2023-02-01,revenue,BRILINTA,CN,25.53,26.02
2023-03-01,revenue,BRILINTA,CN,26.89,27.61
2023-04-01,revenue,BRILINTA,CN,26.43,27.58
2023-05-01,revenue,BRILINTA,CN,28.14,28.75
2023-06-01,revenue,BRILINTA,CN,29.16,30.4
2023-07-01,revenue,BRILINTA,CN,27.05,27.98
2023-08-01,revenue,BRILINTA,CN,28.7,30.07
2023-09-01,revenue,BRILINTA,CN,30.13,30.93
2023-10-01,revenue,BRILINTA,CN,32.12,32.75
2023-11-01,revenue,BRILINTA,CN,33.45,34.73
2023-12-01,revenue,BRILINTA,CN,36.21,36.57
2024-01-01,revenue,BRILINTA,US,64.15,66.35
2024-02-01,revenue,BRILINTA,US,63.93,66.24
2024-03-01,revenue,BRILINTA,US,68.22,71.74
2024-04-01,revenue,BRILINTA,US,69.78,70.47
2024-05-01,revenue,BRILINTA,US,70.06,73.1
2024-06-01,revenue,BRILINTA,US,73.55,76.54
2024-07-01,revenue,BRILINTA,US,69.57,73.87
2024-08-01,revenue,BRILINTA,US,74.29,75.76
2024-09-01,revenue,BRILINTA,US,76.59,79.84
2024-10-01,revenue,BRILINTA,US,84.21,85.36
2024-11-01,revenue,BRILINTA,US,85.21,87.23
2024-12-01,revenue,BRILINTA,US,89.7,93.72
2024-01-01,revenue,BRILINTA,CN,24.23,25.37
2024-02-01,revenue,BRILINTA,CN,24.7,26.0
2024-03-01,revenue,BRILINTA,CN,26.56,27.82
2024-04-01,revenue,BRILINTA,CN,26.87,27.78
2024-05-01,revenue,BRILINTA,CN,27.56,28.47
2024-06-01,revenue,BRILINTA,CN,29.29,30.5
2024-07-01,revenue,BRILINTA,CN,27.63,28.65
2024-08-01,revenue,BRILINTA,CN,28.73,29.89
2024-09-01,revenue,BRILINTA,CN,30.69,31.49
2024-10-01,revenue,BRILINTA,CN,32.24,33.86
2024-11-01,revenue,BRILINTA,CN,33.86,34.35
2024-12-01,revenue,BRILINTA,CN,34.27,36.19
2025-01-01,revenue,BRILINTA,US,44.81,45.24
2025-02-01,revenue,BRILINTA,US,45.05,46.61
2025-03-01,revenue,BRILINTA,US,47.77,49.15
2025-04-01,revenue,BRILINTA,US,47.17,48.94
2025-05-01,revenue,BRILINTA,US,49.18,50.91
2025-06-01,revenue,BRILINTA,US,52.45,54.34
2025-07-01,revenue,BRILINTA,US,50.27,51.44
2025-08-01,revenue,BRILINTA,US,50.83,52.08
2025-09-01,revenue,BRILINTA,US,54.0,56.95
2025-10-01,revenue,BRILINTA,US,58.45,59.36
2025-11-01,revenue,BRILINTA,US,59.48,60.42
2025-12-01,revenue,BRILINTA,US,61.73,65.23
2025-01-01,revenue,BRILINTA,CN,16.85,17.25
2025-02-01,revenue,BRILINTA,CN,17.17,17.78
2025-03-01,revenue,BRILINTA,CN,18.42,18.79
2025-04-01,revenue,BRILINTA,CN,18.29,19.03
2025-05-01,revenue,BRILINTA,CN,19.16,19.51
2025-06-01,revenue,BRILINTA,CN,20.6,21.08
2025-07-01,revenue,BRILINTA,CN,19.51,19.9
2025-08-01,revenue,BRILINTA,CN,20.06,20.61
2025-09-01,revenue,BRILINTA,CN,20.41,21.5
2025-10-01,revenue,BRILINTA,CN,21.84,22.87
2025-11-01,revenue,BRILINTA,CN,22.79,23.75
2025-12-01,revenue,BRILINTA,CN,24.42,24.83
2023-01-01,revenue,LOKELMA,US,23.64,23.31
2023-02-01,revenue,LOKELMA,US,23.92,23.1
2023-03-01,revenue,LOKELMA,US,25.36,24.71
2023-04-01,revenue,LOKELMA,US,25.56,24.88
2023-05-01,revenue,LOKELMA,US,26.15,25.91
2023-06-01,revenue,LOKELMA,US,27.65,27.25
2023-07-01,revenue,LOKELMA,US,26.46,26.17
2023-08-01,revenue,LOKELMA,US,27.52,26.92
2023-09-01,revenue,LOKELMA,US,29.14,28.26
2023-10-01,revenue,LOKELMA,US,30.87,29.82
2023-11-01,revenue,LOKELMA,US,31.54,31.14
2023-12-01,revenue,LOKELMA,US,33.75,32.74
2023-01-01,revenue,LOKELMA,CN,5.88,5.71
2023-02-01,revenue,LOKELMA,CN,5.99,5.93
2023-03-01,revenue,LOKELMA,CN,6.2,6.06
2023-04-01,revenue,LOKELMA,CN,6.24,6.15
2023-05-01,revenue,LOKELMA,CN,6.52,6.43
2023-06-01,revenue,LOKELMA,CN,6.81,6.73
2023-07-01,revenue,LOKELMA,CN,6.55,6.47
2023-08-01,revenue,LOKELMA,CN,6.68,6.56
2023-09-01,revenue,LOKELMA,CN,7.45,7.14
2023-10-01,revenue,LOKELMA,CN,7.83,7.57
2023-11-01,revenue,LOKELMA,CN,7.86,7.88
2023-12-01,revenue,LOKELMA,CN,8.11,8.14
2024-01-01,revenue,LOKELMA,US,30.02,28.63
2024-02-01,revenue,LOKELMA,US,30.1,29.03
2024-03-01,revenue,LOKELMA,US,31.81,31.67
2024-04-01,revenue,LOKELMA,US,31.89,31.54
2024-05-01,revenue,LOKELMA,US,32.74,32.21
2024-06-01,revenue,LOKELMA,US,33.84,33.94
2024-07-01,revenue,LOKELMA,US,32.92,32.19
2024-08-01,revenue,LOKELMA,US,33.56,33.46
2024-09-01,revenue,LOKELMA,US,37.12,36.26
2024-10-01,revenue,LOKELMA,US,39.4,38.19
2024-11-01,revenue,LOKELMA,US,40.53,39.29
2024-12-01,revenue,LOKELMA,US,41.96,40.53
2024-01-01,revenue,LOKELMA,CN,7.26,7.13
2024-02-01,revenue,LOKELMA,CN,7.58,7.48
2024-03-01,revenue,LOKELMA,CN,8.0,7.75
2024-04-01,revenue,LOKELMA,CN,7.93,7.76
2024-05-01,revenue,LOKELMA,CN,8.14,7.97
2024-06-01,revenue,LOKELMA,CN,8.54,8.26
2024-07-01,revenue,LOKELMA,CN,8.23,7.98
2024-08-01,revenue,LOKELMA,CN,8.42,8.31
2024-09-01,revenue,LOKELMA,CN,8.93,8.69
2024-10-01,revenue,LOKELMA,CN,9.8,9.62
2024-11-01,revenue,LOKELMA,CN,10.0,9.61
2024-12-01,revenue,LOKELMA,CN,10.31,10.05
2025-01-01,revenue,LOKELMA,US,40.11,39.32
2025-02-01,revenue,LOKELMA,US,40.85,40.82
2025-03-01,revenue,LOKELMA,US,44.21,43.94
2025-04-01,revenue,LOKELMA,US,44.89,43.43
2025-05-01,revenue,LOKELMA,US,45.61,45.35
2025-06-01,revenue,LOKELMA,US,48.73,47.92
2025-07-01,revenue,LOKELMA,US,45.21,44.77
2025-08-01,revenue,LOKELMA,US,46.33,46.34
2025-09-01,revenue,LOKELMA,US,49.13,48.77
2025-10-01,revenue,LOKELMA,US,52.53,51.57
2025-11-01,revenue,LOKELMA,US,54.15,53.96
2025-12-01,revenue,LOKELMA,US,60.53,58.07
2025-01-01,revenue,LOKELMA,CN,10.09,10.05
2025-02-01,revenue,LOKELMA,CN,10.11,10.19
2025-03-01,revenue,LOKELMA,CN,11.12,11.08
2025-04-01,revenue,LOKELMA,CN,10.85,10.59
2025-05-01,revenue,LOKELMA,CN,11.5,11.23
2025-06-01,revenue,LOKELMA,CN,12.06,11.85
2025-07-01,revenue,LOKELMA,CN,11.77,11.63
2025-08-01,revenue,LOKELMA,CN,11.82,11.67
2025-09-01,revenue,LOKELMA,CN,12.68,12.34
2025-10-01,revenue,LOKELMA,CN,13.59,13.19
2025-11-01,revenue,LOKELMA,CN,13.85,13.65
2025-12-01,revenue,LOKELMA,CN,14.97,14.58
2023-01-01,revenue,CRESTOR,US,47.85,49.56
2023-02-01,revenue,CRESTOR,US,51.1,52.34
2023-03-01,revenue,CRESTOR,US,54.41,54.38
2023-04-01,revenue,CRESTOR,US,54.36,55.29
2023-05-01,revenue,CRESTOR,US,54.78,56.77
2023-06-01,revenue,CRESTOR,US,59.71,60.33
2023-07-01,revenue,CRESTOR,US,56.16,55.65
2023-08-01,revenue,CRESTOR,US,58.14,59.88
2023-09-01,revenue,CRESTOR,US,61.29,61.6
2023-10-01,revenue,CRESTOR,US,64.08,65.52
2023-11-01,revenue,CRESTOR,US,64.86,66.51
2023-12-01,revenue,CRESTOR,US,69.58,71.22
2023-01-01,revenue,CRESTOR,CN,25.88,26.46
2023-02-01,revenue,CRESTOR,CN,27.71,27.89
2023-03-01,revenue,CRESTOR,CN,29.14,29.83
2023-04-01,revenue,CRESTOR,CN,29.08,29.77
2023-05-01,revenue,CRESTOR,CN,29.99,30.59
2023-06-01,revenue,CRESTOR,CN,31.74,32.2
2023-07-01,revenue,CRESTOR,CN,30.44,31.07
2023-08-01,revenue,CRESTOR,CN,31.75,31.59
2023-09-01,revenue,CRESTOR,CN,32.46,33.52
2023-10-01,revenue,CRESTOR,CN,36.01,36.46
2023-11-01,revenue,CRESTOR,CN,36.46,36.35
2023-12-01,revenue,CRESTOR,CN,38.99,39.64
2024-01-01,revenue,CRESTOR,US,53.28,54.48
2024-02-01,revenue,CRESTOR,US,54.04,55.55
2024-03-01,revenue,CRESTOR,US,59.77,60.75
2024-04-01,revenue,CRESTOR,US,58.89,58.72
2024-05-01,revenue,CRESTOR,US,61.28,63.0
2024-06-01,revenue,CRESTOR,US,64.42,64.13
2024-07-01,revenue,CRESTOR,US,62.61,62.76
2024-08-01,revenue,CRESTOR,US,64.04,65.12
2024-09-01,revenue,CRESTOR,US,65.64,66.48
2024-10-01,revenue,CRESTOR,US,71.17,72.08
2024-11-01,revenue,CRESTOR,US,72.6,74.44
2024-12-01,revenue,CRESTOR,US,79.71,80.34
2024-01-01,revenue,CRESTOR,CN,29.47,29.56
2024-02-01,revenue,CRESTOR,CN,30.76,30.84
2024-03-01,revenue,CRESTOR,CN,31.19,32.18
2024-04-01,revenue,CRESTOR,CN,31.74,32.09
2024-05-01,revenue,CRESTOR,CN,32.46,33.14
2024-06-01,revenue,CRESTOR,CN,34.97,35.07
2024-07-01,revenue,CRESTOR,CN,32.86,32.97
2024-08-01,revenue,CRESTOR,CN,33.99,34.35
2024-09-01,revenue,CRESTOR,CN,36.3,35.85
2024-10-01,revenue,CRESTOR,CN,37.72,37.77
2024-11-01,revenue,CRESTOR,CN,40.13,40.18
2024-12-01,revenue,CRESTOR,CN,41.85,42.49
2025-01-01,revenue,CRESTOR,US,49.63,50.45
2025-02-01,revenue,CRESTOR,US,51.34,51.72
2025-03-01,revenue,CRESTOR,US,53.26,53.88
2025-04-01,revenue,CRESTOR,US,55.3,55.32
2025-05-01,revenue,CRESTOR,US,57.22,56.99
2025-06-01,revenue,CRESTOR,US,59.57,59.0
2025-07-01,revenue,CRESTOR,US,54.71,56.6
2025-08-01,revenue,CRESTOR,US,57.79,57.9
2025-09-01,revenue,CRESTOR,US,62.26,62.53
2025-10-01,revenue,CRESTOR,US,65.74,67.53
2025-11-01,revenue,CRESTOR,US,68.08,68.56
2025-12-01,revenue,CRESTOR,US,71.5,72.57
2025-01-01,revenue,CRESTOR,CN,26.8,27.13
2025-02-01,revenue,CRESTOR,CN,27.96,28.06
2025-03-01,revenue,CRESTOR,CN,28.76,29.24
2025-04-01,revenue,CRESTOR,CN,28.95,29.0
2025-05-01,revenue,CRESTOR,CN,29.97,30.75
2025-06-01,revenue,CRESTOR,CN,31.83,32.26
2025-07-01,revenue,CRESTOR,CN,30.08,30.6
2025-08-01,revenue,CRESTOR,CN,31.99,32.19
2025-09-01,revenue,CRESTOR,CN,34.07,34.04
2025-10-01,revenue,CRESTOR,CN,33.97,35.22
2025-11-01,revenue,CRESTOR,CN,37.35,37.01
2025-12-01,revenue,CRESTOR,CN,38.62,39.22
2023-01-01,revenue,SYMBICORT,US,112.68,116.59
2023-02-01,revenue,SYMBICORT,US,116.03,119.12
2023-03-01,revenue,SYMBICORT,US,125.7,127.59
2023-04-01,revenue,SYMBICORT,US,128.32,128.3
2023-05-01,revenue,SYMBICORT,US,129.73,130.8
2023-06-01,revenue,SYMBICORT,US,138.57,143.72
2023-07-01,revenue,SYMBICORT,US,133.14,134.52
2023-08-01,revenue,SYMBICORT,US,134.44,138.94
2023-09-01,revenue,SYMBICORT,US,142.18,142.99
2023-10-01,revenue,SYMBICORT,US,150.53,155.49
2023-11-01,revenue,SYMBICORT,US,157.46,160.64
2023-12-01,revenue,SYMBICORT,US,165.62,166.15
2023-01-01,revenue,SYMBICORT,CN,49.11,49.01
2023-02-01,revenue,SYMBICORT,CN,50.43,50.79
2023-03-01,revenue,SYMBICORT,CN,53.84,55.52
2023-04-01,revenue,SYMBICORT,CN,54.02,54.73
2023-05-01,revenue,SYMBICORT,CN,55.82,57.15
2023-06-01,revenue,SYMBICORT,CN,58.67,61.12
2023-07-01,revenue,SYMBICORT,CN,56.15,56.97
2023-08-01,revenue,SYMBICORT,CN,56.97,58.9
2023-09-01,revenue,SYMBICORT,CN,61.62,61.96
2023-10-01,revenue,SYMBICORT,CN,64.51,67.03
2023-11-01,revenue,SYMBICORT,CN,66.83,67.92
2023-12-01,revenue,SYMBICORT,CN,72.61,74.47
2024-01-01,revenue,SYMBICORT,US,139.58,142.46
2024-02-01,revenue,SYMBICORT,US,147.68,148.15
2024-03-01,revenue,SYMBICORT,US,152.65,156.74
2024-04-01,revenue,SYMBICORT,US,149.58,153.15
2024-05-01,revenue,SYMBICORT,US,157.11,157.24
2024-06-01,revenue,SYMBICORT,US,164.14,169.95
2024-07-01,revenue,SYMBICORT,US,155.51,159.17
2024-08-01,revenue,SYMBICORT,US,159.4,165.43
2024-09-01,revenue,SYMBICORT,US,171.97,174.13
2024-10-01,revenue,SYMBICORT,US,177.85,184.39
2024-11-01,revenue,SYMBICORT,US,186.16,190.71
2024-12-01,revenue,SYMBICORT,US,198.72,201.34
2024-01-01,revenue,SYMBICORT,CN,60.08,60.57
2024-02-01,revenue,SYMBICORT,CN,61.34,61.75
2024-03-01,revenue,SYMBICORT,CN,66.89,67.41
2024-04-01,revenue,SYMBICORT,CN,65.55,65.93
2024-05-01,revenue,SYMBICORT,CN,66.97,69.8
2024-06-01,revenue,SYMBICORT,CN,69.5,72.03
2024-07-01,revenue,SYMBICORT,CN,68.01,67.91
2024-08-01,revenue,SYMBICORT,CN,68.79,70.45
2024-09-01,revenue,SYMBICORT,CN,75.27,76.01
2024-10-01,revenue,SYMBICORT,CN,80.24,81.73
2024-11-01,revenue,SYMBICORT,CN,81.06,82.59
2024-12-01,revenue,SYMBICORT,CN,87.18,88.24
2025-01-01,revenue,SYMBICORT,US,130.74,132.75
2025-02-01,revenue,SYMBICORT,US,132.65,136.84
2025-03-01,revenue,SYMBICORT,US,140.93,142.81
2025-04-01,revenue,SYMBICORT,US,145.5,148.07
2025-05-01,revenue,SYMBICORT,US,144.46,148.22
2025-06-01,revenue,SYMBICORT,US,154.66,154.4
2025-07-01,revenue,SYMBICORT,US,150.29,151.83
2025-08-01,revenue,SYMBICORT,US,153.05,152.56
2025-09-01,revenue,SYMBICORT,US,163.7,166.7
2025-10-01,revenue,SYMBICORT,US,167.18,172.16
2025-11-01,revenue,SYMBICORT,US,175.68,180.7
2025-12-01,revenue,SYMBICORT,US,184.58,190.62
2025-01-01,revenue,SYMBICORT,CN,53.82,56.23
2025-02-01,revenue,SYMBICORT,CN,59.03,58.93
2025-03-01,revenue,SYMBICORT,CN,60.44,62.79
2025-04-01,revenue,SYMBICORT,CN,60.2,61.31
2025-05-01,revenue,SYMBICORT,CN,61.64,62.57
2025-06-01,revenue,SYMBICORT,CN,67.59,68.94
2025-07-01,revenue,SYMBICORT,CN,62.71,64.7
2025-08-01,revenue,SYMBICORT,CN,65.33,66.4
2025-09-01,revenue,SYMBICORT,CN,68.72,70.31
2025-10-01,revenue,SYMBICORT,CN,73.06,74.89
2025-11-01,revenue,SYMBICORT,CN,73.86,75.72
2025-12-01,revenue,SYMBICORT,CN,79.19,82.53
2023-01-01,revenue,BREZTRI,US,42.98,41.06
2023-02-01,revenue,BREZTRI,US,42.54,41.99
2023-03-01,revenue,BREZTRI,US,46.26,44.74
2023-04-01,revenue,BREZTRI,US,45.86,44.82
2023-05-01,revenue,BREZTRI,US,48.0,46.67
2023-06-01,revenue,BREZTRI,US,49.89,48.24
2023-07-01,revenue,BREZTRI,US,47.79,46.61
2023-08-01,revenue,BREZTRI,US,48.42,47.26
2023-09-01,revenue,BREZTRI,US,53.48,51.31
2023-10-01,revenue,BREZTRI,US,54.43,53.58
2023-11-01,revenue,BREZTRI,US,56.78,54.85
2023-12-01,revenue,BREZTRI,US,59.34,58.66
2023-01-01,revenue,BREZTRI,CN,9.33,8.92
2023-02-01,revenue,BREZTRI,CN,9.43,9.11
2023-03-01,revenue,BREZTRI,CN,10.03,9.69
2023-04-01,revenue,BREZTRI,CN,10.41,10.04
2023-05-01,revenue,BREZTRI,CN,10.36,10.07
2023-06-01,revenue,BREZTRI,CN,10.92,10.66
2023-07-01,revenue,BREZTRI,CN,10.56,10.33
2023-08-01,revenue,BREZTRI,CN,10.94,10.64
2023-09-01,revenue,BREZTRI,CN,11.41,11.27
2023-10-01,revenue,BREZTRI,CN,12.33,12.0
2023-11-01,revenue,BREZTRI,CN,12.76,12.22
2023-12-01,revenue,BREZTRI,CN,13.23,12.89
2024-01-01,revenue,BREZTRI,US,58.74,57.88
2024-02-01,revenue,BREZTRI,US,60.71,59.0
2024-03-01,revenue,BREZTRI,US,65.08,64.89
2024-04-01,revenue,BREZTRI,US,66.47,64.03
2024-05-01,revenue,BREZTRI,US,69.82,67.41
2024-06-01,revenue,BREZTRI,US,73.19,70.89
2024-07-01,revenue,BREZTRI,US,68.67,67.35
2024-08-01,revenue,BREZTRI,US,72.0,69.01
2024-09-01,revenue,BREZTRI,US,72.61,71.29
2024-10-01,revenue,BREZTRI,US,77.78,76.0
2024-11-01,revenue,BREZTRI,US,81.06,80.92
2024-12-01,revenue,BREZTRI,US,86.89,83.18
2024-01-01,revenue,BREZTRI,CN,13.06,12.87
2024-02-01,revenue,BREZTRI,CN,13.74,13.28
2024-03-01,revenue,BREZTRI,CN,14.09,13.78
2024-04-01,revenue,BREZTRI,CN,14.35,13.87
2024-05-01,revenue,BREZTRI,CN,15.2,14.58
2024-06-01,revenue,BREZTRI,CN,15.68,14.99
2024-07-01,revenue,BREZTRI,CN,15.18,14.73
2024-08-01,revenue,BREZTRI,CN,14.99,14.66
2024-09-01,revenue,BREZTRI,CN,16.29,15.98
2024-10-01,revenue,BREZTRI,CN,17.49,17.26
2024-11-01,revenue,BREZTRI,CN,18.11,17.27
2024-12-01,revenue,BREZTRI,CN,19.21,18.93
2025-01-01,revenue,BREZTRI,US,67.38,65.26
2025-02-01,revenue,BREZTRI,US,67.68,65.31
2025-03-01,revenue,BREZTRI,US,74.61,70.74
2025-04-01,revenue,BREZTRI,US,72.71,68.78
2025-05-01,revenue,BREZTRI,US,74.63,73.76
2025-06-01,revenue,BREZTRI,US,80.76,77.92
2025-07-01,revenue,BREZTRI,US,75.16,72.32
2025-08-01,revenue,BREZTRI,US,77.38,75.57
2025-09-01,revenue,BREZTRI,US,85.34,80.81
2025-10-01,revenue,BREZTRI,US,87.27,86.89
2025-11-01,revenue,BREZTRI,US,89.76,89.16
2025-12-01,revenue,BREZTRI,US,96.28,93.86
2025-01-01,revenue,BREZTRI,CN,14.23,13.78
2025-02-01,revenue,BREZTRI,CN,14.48,14.44
2025-03-01,revenue,BREZTRI,CN,15.93,15.39
2025-04-01,revenue,BREZTRI,CN,15.89,15.36
2025-05-01,revenue,BREZTRI,CN,16.08,15.68
2025-06-01,revenue,BREZTRI,CN,17.21,17.14
2025-07-01,revenue,BREZTRI,CN,16.97,16.2
2025-08-01,revenue,BREZTRI,CN,17.4,16.52
2025-09-01,revenue,BREZTRI,CN,18.24,17.83
2025-10-01,revenue,BREZTRI,CN,19.24,18.19
2025-11-01,revenue,BREZTRI,CN,20.2,19.56
2025-12-01,revenue,BREZTRI,CN,21.13,20.85
2023-01-01,revenue,FASENRA,US,94.77,94.39
2023-02-01,revenue,FASENRA,US,98.94,98.32
2023-03-01,revenue,FASENRA,US,101.01,102.76
2023-04-01,revenue,FASENRA,US,104.63,104.39
2023-05-01,revenue,FASENRA,US,106.5,108.83
2023-06-01,revenue,FASENRA,US,108.11,110.77
2023-07-01,revenue,FASENRA,US,106.59,107.13
2023-08-01,revenue,FASENRA,US,109.44,110.21
2023-09-01,revenue,FASENRA,US,116.34,117.6
2023-10-01,revenue,FASENRA,US,121.65,125.25
2023-11-01,revenue,FASENRA,US,129.61,130.94
2023-12-01,revenue,FASENRA,US,137.64,139.7
2023-01-01,revenue,FASENRA,CN,16.78,16.93
2023-02-01,revenue,FASENRA,CN,17.18,17.24
2023-03-01,revenue,FASENRA,CN,18.22,18.34
2023-04-01,revenue,FASENRA,CN,17.6,18.13
2023-05-01,revenue,FASENRA,CN,18.4,18.62
2023-06-01,revenue,FASENRA,CN,20.14,20.1
2023-07-01,revenue,FASENRA,CN,19.14,19.3
2023-08-01,revenue,FASENRA,CN,18.93,19.43
2023-09-01,revenue,FASENRA,CN,20.46,20.71
2023-10-01,revenue,FASENRA,CN,22.29,22.43
2023-11-01,revenue,FASENRA,CN,21.8,22.34
2023-12-01,revenue,FASENRA,CN,23.98,24.08
2024-01-01,revenue,FASENRA,US,102.23,102.23
2024-02-01,revenue,FASENRA,US,103.09,103.17
2024-03-01,revenue,FASENRA,US,110.26,109.85
2024-04-01,revenue,FASENRA,US,109.58,109.84
2024-05-01,revenue,FASENRA,US,111.12,110.83
2024-06-01,revenue,FASENRA,US,117.91,119.95
2024-07-01,revenue,FASENRA,US,116.01,116.34
2024-08-01,revenue,FASENRA,US,115.69,119.44
2024-09-01,revenue,FASENRA,US,121.09,126.22
2024-10-01,revenue,FASENRA,US,135.22,134.27
2024-11-01,revenue,FASENRA,US,137.85,138.95
2024-12-01,revenue,FASENRA,US,145.66,146.23
2024-01-01,revenue,FASENRA,CN,17.73,18.11
2024-02-01,revenue,FASENRA,CN,17.95,18.25
2024-03-01,revenue,FASENRA,CN,19.72,19.8
2024-04-01,revenue,FASENRA,CN,18.84,19.41
2024-05-01,revenue,FASENRA,CN,20.48,20.53
2024-06-01,revenue,FASENRA,CN,21.0,21.71
2024-07-01,revenue,FASENRA,CN,19.71,20.19
2024-08-01,revenue,FASENRA,CN,21.13,21.04
2024-09-01,revenue,FASENRA,CN,22.24,22.13
2024-10-01,revenue,FASENRA,CN,23.57,23.41
2024-11-01,revenue,FASENRA,CN,23.75,24.56
2024-12-01,revenue,FASENRA,CN,25.7,25.77
2025-01-01,revenue,FASENRA,US,105.38,105.91
2025-02-01,revenue,FASENRA,US,108.69,110.66
2025-03-01,revenue,FASENRA,US,113.29,115.65
2025-04-01,revenue,FASENRA,US,118.83,119.18
2025-05-01,revenue,FASENRA,US,121.22,122.68
2025-06-01,revenue,FASENRA,US,123.2,126.49
2025-07-01,revenue,FASENRA,US,120.56,122.36
2025-08-01,revenue,FASENRA,US,121.86,124.72
2025-09-01,revenue,FASENRA,US,131.53,133.44
2025-10-01,revenue,FASENRA,US,141.94,143.85
2025-11-01,revenue,FASENRA,US,143.28,144.14
2025-12-01,revenue,FASENRA,US,148.87,151.75
2025-01-01,revenue,FASENRA,CN,18.17,18.78
2025-02-01,revenue,FASENRA,CN,19.66,19.89
2025-03-01,revenue,FASENRA,CN,20.63,20.65
2025-04-01,revenue,FASENRA,CN,20.32,20.59
2025-05-01,revenue,FASENRA,CN,20.91,21.46
2025-06-01,revenue,FASENRA,CN,22.06,22.57
2025-07-01,revenue,FASENRA,CN,20.76,21.46
2025-08-01,revenue,FASENRA,CN,21.95,22.01
2025-09-01,revenue,FASENRA,CN,23.19,23.23
2025-10-01,revenue,FASENRA,CN,24.67,25.23
2025-11-01,revenue,FASENRA,CN,25.34,25.38
2025-12-01,revenue,FASENRA,CN,26.21,27.23
2023-01-01,revenue,SAPHNELO,US,19.73,18.86
2023-02-01,revenue,SAPHNELO,US,20.17,19.23
2023-03-01,revenue,SAPHNELO,US,21.46,20.58
2023-04-01,revenue,SAPHNELO,US,21.6,20.98
2023-05-01,revenue,SAPHNELO,US,21.7,21.14
2023-06-01,revenue,SAPHNELO,US,23.81,23.03
2023-07-01,revenue,SAPHNELO,US,22.32,21.36
2023-08-01,revenue,SAPHNELO,US,23.02,22.08
2023-09-01,revenue,SAPHNELO,US,25.03,23.72
2023-10-01,revenue,SAPHNELO,US,25.69,25.11
2023-11-01,revenue,SAPHNELO,US,27.04,25.48
2023-12-01,revenue,SAPHNELO,US,28.62,27.45
2023-01-01,revenue,SAPHNELO,CN,2.65,2.57
2023-02-01,revenue,SAPHNELO,CN,2.74,2.68
2023-03-01,revenue,SAPHNELO,CN,2.9,2.77
2023-04-01,revenue,SAPHNELO,CN,2.89,2.84
2023-05-01,revenue,SAPHNELO,CN,2.99,2.92
2023-06-01,revenue,SAPHNELO,CN,3.21,3.07
2023-07-01,revenue,SAPHNELO,CN,3.02,2.93
2023-08-01,revenue,SAPHNELO,CN,3.15,3.07
2023-09-01,revenue,SAPHNELO,CN,3.28,3.15
2023-10-01,revenue,SAPHNELO,CN,3.62,3.44
2023-11-01,revenue,SAPHNELO,CN,3.5,3.44
2023-12-01,revenue,SAPHNELO,CN,3.88,3.76
2024-01-01,revenue,SAPHNELO,US,32.26,31.55
2024-02-01,revenue,SAPHNELO,US,33.48,32.26
2024-03-01,revenue,SAPHNELO,US,36.22,34.62
2024-04-01,revenue,SAPHNELO,US,36.27,34.01
2024-05-01,revenue,SAPHNELO,US,35.95,34.5
2024-06-01,revenue,SAPHNELO,US,39.26,38.38
2024-07-01,revenue,SAPHNELO,US,37.36,35.59
2024-08-01,revenue,SAPHNELO,US,38.31,37.33
2024-09-01,revenue,SAPHNELO,US,40.39,39.62
2024-10-01,revenue,SAPHNELO,US,43.14,41.64
2024-11-01,revenue,SAPHNELO,US,43.53,42.75
2024-12-01,revenue,SAPHNELO,US,47.64,45.42
2024-01-01,revenue,SAPHNELO,CN,4.41,4.31
2024-02-01,revenue,SAPHNELO,CN,4.59,4.36
2024-03-01,revenue,SAPHNELO,CN,4.88,4.74
2024-04-01,revenue,SAPHNELO,CN,4.96,4.78
2024-05-01,revenue,SAPHNELO,CN,5.04,4.9
2024-06-01,revenue,SAPHNELO,CN,5.22,5.16
2024-07-01,revenue,SAPHNELO,CN,5.05,4.8
2024-08-01,revenue,SAPHNELO,CN,5.35,5.12
2024-09-01,revenue,SAPHNELO,CN,5.55,5.25
2024-10-01,revenue,SAPHNELO,CN,5.83,5.66
2024-11-01,revenue,SAPHNELO,CN,6.11,5.88
2024-12-01,revenue,SAPHNELO,CN,6.45,6.31
2025-01-01,revenue,SAPHNELO,US,44.33,43.38
2025-02-01,revenue,SAPHNELO,US,47.73,45.64
2025-03-01,revenue,SAPHNELO,US,50.13,47.96
2025-04-01,revenue,SAPHNELO,US,49.75,48.48
2025-05-01,revenue,SAPHNELO,US,51.09,50.29
2025-06-01,revenue,SAPHNELO,US,53.66,52.89
2025-07-01,revenue,SAPHNELO,US,52.58,50.06
2025-08-01,revenue,SAPHNELO,US,53.46,51.33
2025-09-01,revenue,SAPHNELO,US,55.02,53.3
2025-10-01,revenue,SAPHNELO,US,59.56,58.72
2025-11-01,revenue,SAPHNELO,US,61.15,58.26
2025-12-01,revenue,SAPHNELO,US,65.18,63.01
2025-01-01,revenue,SAPHNELO,CN,6.28,6.12
2025-02-01,revenue,SAPHNELO,CN,6.3,6.16
2025-03-01,revenue,SAPHNELO,CN,6.79,6.54
2025-04-01,revenue,SAPHNELO,CN,6.79,6.5
2025-05-01,revenue,SAPHNELO,CN,7.11,6.78
2025-06-01,revenue,SAPHNELO,CN,7.45,7.23
2025-07-01,revenue,SAPHNELO,CN,7.31,7.02
2025-08-01,revenue,SAPHNELO,CN,7.21,6.92
2025-09-01,revenue,SAPHNELO,CN,7.79,7.45
2025-10-01,revenue,SAPHNELO,CN,8.16,7.94
2025-11-01,revenue,SAPHNELO,CN,8.56,8.21
2025-12-01,revenue,SAPHNELO,CN,9.05,8.77
2023-01-01,revenue,TEZSPIRE,US,19.06,18.21
2023-02-01,revenue,TEZSPIRE,US,19.57,18.97
2023-03-01,revenue,TEZSPIRE,US,20.67,19.82
2023-04-01,revenue,TEZSPIRE,US,20.87,19.87
2023-05-01,revenue,TEZSPIRE,US,21.65,20.83
2023-06-01,revenue,TEZSPIRE,US,23.38,22.22
2023-07-01,revenue,TEZSPIRE,US,21.74,20.73
2023-08-01,revenue,TEZSPIRE,US,22.07,20.92
2023-09-01,revenue,TEZSPIRE,US,23.34,22.52
2023-10-01,revenue,TEZSPIRE,US,26.41,24.43
2023-11-01,revenue,TEZSPIRE,US,26.51,25.23
2023-12-01,revenue,TEZSPIRE,US,27.67,26.43
2023-01-01,revenue,TEZSPIRE,CN,3.42,3.22
2023-02-01,revenue,TEZSPIRE,CN,3.54,3.41
2023-03-01,revenue,TEZSPIRE,CN,3.68,3.48
2023-04-01,revenue,TEZSPIRE,CN,3.7,3.6
2023-05-01,revenue,TEZSPIRE,CN,3.73,3.57
2023-06-01,revenue,TEZSPIRE,CN,4.07,3.94
2023-07-01,revenue,TEZSPIRE,CN,3.89,3.68
2023-08-01,revenue,TEZSPIRE,CN,3.99,3.81
2023-09-01,revenue,TEZSPIRE,CN,4.33,4.07
2023-10-01,revenue,TEZSPIRE,CN,4.46,4.2
2023-11-01,revenue,TEZSPIRE,CN,4.53,4.38
2023-12-01,revenue,TEZSPIRE,CN,5.0,4.75
2024-01-01,revenue,TEZSPIRE,US,45.54,42.77
2024-02-01,revenue,TEZSPIRE,US,46.29,44.78
2024-03-01,revenue,TEZSPIRE,US,48.17,45.77
2024-04-01,revenue,TEZSPIRE,US,49.7,47.24
2024-05-01,revenue,TEZSPIRE,US,50.74,48.29
2024-06-01,revenue,TEZSPIRE,US,54.44,51.69
2024-07-01,revenue,TEZSPIRE,US,49.29,47.5
2024-08-01,revenue,TEZSPIRE,US,53.19,49.89
2024-09-01,revenue,TEZSPIRE,US,55.98,53.6
2024-10-01,revenue,TEZSPIRE,US,59.29,56.43
2024-11-01,revenue,TEZSPIRE,US,62.71,58.87
2024-12-01,revenue,TEZSPIRE,US,63.9,61.62
2024-01-01,revenue,TEZSPIRE,CN,7.93,7.36
2024-02-01,revenue,TEZSPIRE,CN,8.24,7.76
2024-03-01,revenue,TEZSPIRE,CN,8.75,8.28
2024-04-01,revenue,TEZSPIRE,CN,8.75,8.16
2024-05-01,revenue,TEZSPIRE,CN,8.96,8.36
2024-06-01,revenue,TEZSPIRE,CN,9.48,8.95
2024-07-01,revenue,TEZSPIRE,CN,8.83,8.37
2024-08-01,revenue,TEZSPIRE,CN,9.6,9.03
2024-09-01,revenue,TEZSPIRE,CN,10.1,9.58
2024-10-01,revenue,TEZSPIRE,CN,10.75,10.13
2024-11-01,revenue,TEZSPIRE,CN,10.85,10.26
2024-12-01,revenue,TEZSPIRE,CN,11.51,10.84
2025-01-01,revenue,TEZSPIRE,US,63.89,61.97
2025-02-01,revenue,TEZSPIRE,US,65.32,61.65
2025-03-01,revenue,TEZSPIRE,US,70.49,65.77
2025-04-01,revenue,TEZSPIRE,US,71.15,66.02
2025-05-01,revenue,TEZSPIRE,US,72.18,69.63
2025-06-01,revenue,TEZSPIRE,US,74.87,72.48
2025-07-01,revenue,TEZSPIRE,US,73.99,69.9
2025-08-01,revenue,TEZSPIRE,US,76.75,71.93
2025-09-01,revenue,TEZSPIRE,US,77.76,74.97
2025-10-01,revenue,TEZSPIRE,US,82.69,79.77
2025-11-01,revenue,TEZSPIRE,US,89.04,84.9
2025-12-01,revenue,TEZSPIRE,US,94.69,89.71
2025-01-01,revenue,TEZSPIRE,CN,11.43,10.68
2025-02-01,revenue,TEZSPIRE,CN,11.56,11.02
2025-03-01,revenue,TEZSPIRE,CN,12.37,12.04
2025-04-01,revenue,TEZSPIRE,CN,12.28,11.63
2025-05-01,revenue,TEZSPIRE,CN,12.7,11.9
2025-06-01,revenue,TEZSPIRE,CN,13.4,12.94
2025-07-01,revenue,TEZSPIRE,CN,12.88,12.26
2025-08-01,revenue,TEZSPIRE,CN,13.35,12.69
2025-09-01,revenue,TEZSPIRE,CN,14.41,13.37
2025-10-01,revenue,TEZSPIRE,CN,14.71,14.16
2025-11-01,revenue,TEZSPIRE,CN,16.05,14.98
2025-12-01,revenue,TEZSPIRE,CN,16.67,15.43
2023-01-01,revenue,ULTOMIRIS,US,181.92,176.98
2023-02-01,revenue,ULTOMIRIS,US,180.19,177.5
2023-03-01,revenue,ULTOMIRIS,US,198.19,196.55
2023-04-01,revenue,ULTOMIRIS,US,195.19,188.84
2023-05-01,revenue,ULTOMIRIS,US,196.57,193.92
2023-06-01,revenue,ULTOMIRIS,US,209.99,206.88
2023-07-01,revenue,ULTOMIRIS,US,204.32,202.77
2023-08-01,revenue,ULTOMIRIS,US,213.52,207.86
2023-09-01,revenue,ULTOMIRIS,US,222.12,217.27
2023-10-01,revenue,ULTOMIRIS,US,234.63,233.02
2023-11-01,revenue,ULTOMIRIS,US,245.1,234.82
2023-12-01,revenue,ULTOMIRIS,US,263.64,255.05
2023-01-01,revenue,ULTOMIRIS,CN,39.84,38.78
2023-02-01,revenue,ULTOMIRIS,CN,40.86,39.49
2023-03-01,revenue,ULTOMIRIS,CN,42.71,41.01
2023-04-01,revenue,ULTOMIRIS,CN,42.8,41.69
2023-05-01,revenue,ULTOMIRIS,CN,43.66,43.04
2023-06-01,revenue,ULTOMIRIS,CN,47.6,45.86
2023-07-01,revenue,ULTOMIRIS,CN,44.29,44.04
2023-08-01,revenue,ULTOMIRIS,CN,45.26,44.72
2023-09-01,revenue,ULTOMIRIS,CN,48.08,47.85
2023-10-01,revenue,ULTOMIRIS,CN,51.95,50.37
2023-11-01,revenue,ULTOMIRIS,CN,52.99,53.12
2023-12-01,revenue,ULTOMIRIS,CN,57.57,55.46
2024-01-01,revenue,ULTOMIRIS,US,229.81,228.93
2024-02-01,revenue,ULTOMIRIS,US,237.25,232.31
2024-03-01,revenue,ULTOMIRIS,US,248.81,246.55
2024-04-01,revenue,ULTOMIRIS,US,254.14,249.06
2024-05-01,revenue,ULTOMIRIS,US,260.55,252.62
2024-06-01,revenue,ULTOMIRIS,US,272.08,269.55
2024-07-01,revenue,ULTOMIRIS,US,265.47,261.04
2024-08-01,revenue,ULTOMIRIS,US,263.93,260.51
2024-09-01,revenue,ULTOMIRIS,US,295.88,288.54
2024-10-01,revenue,ULTOMIRIS,US,313.09,303.76
2024-11-01,revenue,ULTOMIRIS,US,314.63,308.3
2024-12-01,revenue,ULTOMIRIS,US,326.85,325.67
2024-01-01,revenue,ULTOMIRIS,CN,51.47,49.75
2024-02-01,revenue,ULTOMIRIS,CN,50.95,50.73
2024-03-01,revenue,ULTOMIRIS,CN,57.1,55.23
2024-04-01,revenue,ULTOMIRIS,CN,55.25,53.78
2024-05-01,revenue,ULTOMIRIS,CN,56.66,56.77
2024-06-01,revenue,ULTOMIRIS,CN,60.41,58.59
2024-07-01,revenue,ULTOMIRIS,CN,57.78,57.22
2024-08-01,revenue,ULTOMIRIS,CN,60.19,59.5
2024-09-01,revenue,ULTOMIRIS,CN,62.49,60.85
2024-10-01,revenue,ULTOMIRIS,CN,66.2,65.16
2024-11-01,revenue,ULTOMIRIS,CN,69.03,68.33
2024-12-01,revenue,ULTOMIRIS,CN,72.54,71.06
2025-01-01,revenue,ULTOMIRIS,US,264.04,261.39
2025-02-01,revenue,ULTOMIRIS,US,270.42,264.89
2025-03-01,revenue,ULTOMIRIS,US,281.73,277.52
2025-04-01,revenue,ULTOMIRIS,US,289.25,278.14
2025-05-01,revenue,ULTOMIRIS,US,294.27,280.75
2025-06-01,revenue,ULTOMIRIS,US,305.27,301.47
2025-07-01,revenue,ULTOMIRIS,US,289.1,286.84
2025-08-01,revenue,ULTOMIRIS,US,301.93,298.77
2025-09-01,revenue,ULTOMIRIS,US,315.09,315.59
2025-10-01,revenue,ULTOMIRIS,US,343.2,342.47
2025-11-01,revenue,ULTOMIRIS,US,352.74,346.41
2025-12-01,revenue,ULTOMIRIS,US,373.21,371.68
2025-01-01,revenue,ULTOMIRIS,CN,55.62,55.62
2025-02-01,revenue,ULTOMIRIS,CN,58.97,57.82
2025-03-01,revenue,ULTOMIRIS,CN,60.43,60.14
2025-04-01,revenue,ULTOMIRIS,CN,60.92,59.89
2025-05-01,revenue,ULTOMIRIS,CN,65.36,64.31
2025-06-01,revenue,ULTOMIRIS,CN,69.35,67.71
2025-07-01,revenue,ULTOMIRIS,CN,64.64,64.09
2025-08-01,revenue,ULTOMIRIS,CN,67.27,66.21
2025-09-01,revenue,ULTOMIRIS,CN,71.39,70.88
2025-10-01,revenue,ULTOMIRIS,CN,74.42,74.07
2025-11-01,revenue,ULTOMIRIS,CN,80.42,77.13
2025-12-01,revenue,ULTOMIRIS,CN,82.56,80.58
2023-01-01,revenue,SOLIRIS,US,160.06,168.17
2023-02-01,revenue,SOLIRIS,US,172.0,180.0
2023-03-01,revenue,SOLIRIS,US,185.01,189.28
2023-04-01,revenue,SOLIRIS,US,180.15,187.41
2023-05-01,revenue,SOLIRIS,US,189.71,194.48
2023-06-01,revenue,SOLIRIS,US,191.23,202.84
2023-07-01,revenue,SOLIRIS,US,187.21,196.31
2023-08-01,revenue,SOLIRIS,US,192.08,199.44
2023-09-01,revenue,SOLIRIS,US,211.54,215.43
2023-10-01,revenue,SOLIRIS,US,214.25,220.99
2023-11-01,revenue,SOLIRIS,US,223.27,238.11
2023-12-01,revenue,SOLIRIS,US,235.64,251.34
2023-01-01,revenue,SOLIRIS,CN,42.24,42.84
2023-02-01,revenue,SOLIRIS,CN,42.45,44.37
2023-03-01,revenue,SOLIRIS,CN,43.66,46.15
2023-04-01,revenue,SOLIRIS,CN,44.43,46.53
2023-05-01,revenue,SOLIRIS,CN,46.24,47.68
2023-06-01,revenue,SOLIRIS,CN,48.21,50.11
2023-07-01,revenue,SOLIRIS,CN,45.71,47.99
2023-08-01,revenue,SOLIRIS,CN,47.62,49.65
2023-09-01,revenue,SOLIRIS,CN,50.42,52.53
2023-10-01,revenue,SOLIRIS,CN,53.63,56.44
2023-11-01,revenue,SOLIRIS,CN,56.06,57.7
2023-12-01,revenue,SOLIRIS,CN,60.15,62.79
2024-01-01,revenue,SOLIRIS,US,142.41,145.98
2024-02-01,revenue,SOLIRIS,US,140.15,146.83
2024-03-01,revenue,SOLIRIS,US,155.16,158.43
2024-04-01,revenue,SOLIRIS,US,152.26,159.69
2024-05-01,revenue,SOLIRIS,US,155.6,162.58
2024-06-01,revenue,SOLIRIS,US,168.01,172.89
2024-07-01,revenue,SOLIRIS,US,156.06,163.6
2024-08-01,revenue,SOLIRIS,US,161.95,170.43
2024-09-01,revenue,SOLIRIS,US,172.96,175.72
2024-10-01,revenue,SOLIRIS,US,179.47,190.14
2024-11-01,revenue,SOLIRIS,US,185.24,197.02
2024-12-01,revenue,SOLIRIS,US,199.81,208.35
2024-01-01,revenue,SOLIRIS,CN,34.08,35.91
2024-02-01,revenue,SOLIRIS,CN,35.82,37.27
2024-03-01,revenue,SOLIRIS,CN,37.26,38.88
2024-04-01,revenue,SOLIRIS,CN,37.55,38.36
2024-05-01,revenue,SOLIRIS,CN,38.23,40.2
2024-06-01,revenue,SOLIRIS,CN,41.24,42.34
2024-07-01,revenue,SOLIRIS,CN,39.61,40.7
2024-08-01,revenue,SOLIRIS,CN,39.56,41.97
2024-09-01,revenue,SOLIRIS,CN,43.13,44.54
2024-10-01,revenue,SOLIRIS,CN,46.72,47.97
2024-11-01,revenue,SOLIRIS,CN,46.03,49.01
2024-12-01,revenue,SOLIRIS,CN,49.05,52.0
2025-01-01,revenue,SOLIRIS,US,27.2,28.15
2025-02-01,revenue,SOLIRIS,US,27.14,27.94
2025-03-01,revenue,SOLIRIS,US,29.84,30.6
2025-04-01,revenue,SOLIRIS,US,28.08,29.72
2025-05-01,revenue,SOLIRIS,US,29.75,31.21
2025-06-01,revenue,SOLIRIS,US,31.33,32.5
2025-07-01,revenue,SOLIRIS,US,30.48,31.96
2025-08-01,revenue,SOLIRIS,US,30.29,32.22
2025-09-01,revenue,SOLIRIS,US,33.18,34.8
2025-10-01,revenue,SOLIRIS,US,35.2,35.87
2025-11-01,revenue,SOLIRIS,US,36.28,37.64
2025-12-01,revenue,SOLIRIS,US,39.22,40.27
2025-01-01,revenue,SOLIRIS,CN,6.4,6.76
2025-02-01,revenue,SOLIRIS,CN,6.98,7.21
2025-03-01,revenue,SOLIRIS,CN,7.46,7.64
2025-04-01,revenue,SOLIRIS,CN,7.51,7.73
2025-05-01,revenue,SOLIRIS,CN,7.49,7.7
2025-06-01,revenue,SOLIRIS,CN,7.84,8.2
2025-07-01,revenue,SOLIRIS,CN,7.48,7.73
2025-08-01,revenue,SOLIRIS,CN,7.69,8.06
2025-09-01,revenue,SOLIRIS,CN,8.47,8.63
2025-10-01,revenue,SOLIRIS,CN,8.46,8.93
2025-11-01,revenue,SOLIRIS,CN,9.07,9.36
2025-12-01,revenue,SOLIRIS,CN,9.66,10.05
2023-01-01,revenue,STRENSIQ,US,71.95,71.35
2023-02-01,revenue,STRENSIQ,US,76.38,73.51
2023-03-01,revenue,STRENSIQ,US,80.96,80.37
2023-04-01,revenue,STRENSIQ,US,80.74,80.62
2023-05-01,revenue,STRENSIQ,US,82.33,80.56
2023-06-01,revenue,STRENSIQ,US,85.86,85.57
2023-07-01,revenue,STRENSIQ,US,83.62,83.15
2023-08-01,revenue,STRENSIQ,US,86.76,85.35
2023-09-01,revenue,STRENSIQ,US,89.31,89.87
2023-10-01,revenue,STRENSIQ,US,100.39,97.23
2023-11-01,revenue,STRENSIQ,US,97.01,97.71
2023-12-01,revenue,STRENSIQ,US,105.83,101.78
2023-01-01,revenue,STRENSIQ,CN,13.24,12.82
2023-02-01,revenue,STRENSIQ,CN,13.33,12.95
2023-03-01,revenue,STRENSIQ,CN,13.89,13.68
2023-04-01,revenue,STRENSIQ,CN,14.21,14.02
2023-05-01,revenue,STRENSIQ,CN,14.79,14.58
2023-06-01,revenue,STRENSIQ,CN,15.18,15.31
2023-07-01,revenue,STRENSIQ,CN,14.21,14.3
2023-08-01,revenue,STRENSIQ,CN,15.25,14.87
2023-09-01,revenue,STRENSIQ,CN,15.83,15.9
2023-10-01,revenue,STRENSIQ,CN,17.0,16.7
2023-11-01,revenue,STRENSIQ,CN,17.94,17.8
2023-12-01,revenue,STRENSIQ,CN,19.4,18.74
2024-01-01,revenue,STRENSIQ,US,85.1,83.35
2024-02-01,revenue,STRENSIQ,US,87.04,84.99
2024-03-01,revenue,STRENSIQ,US,96.34,92.83
2024-04-01,revenue,STRENSIQ,US,91.51,91.59
2024-05-01,revenue,STRENSIQ,US,97.66,95.09
2024-06-01,revenue,STRENSIQ,US,101.15,101.21
2024-07-01,revenue,STRENSIQ,US,94.93,94.88
2024-08-01,revenue,STRENSIQ,US,100.98,100.02
2024-09-01,revenue,STRENSIQ,US,104.79,102.1
2024-10-01,revenue,STRENSIQ,US,111.12,110.56
2024-11-01,revenue,STRENSIQ,US,117.68,114.28
2024-12-01,revenue,STRENSIQ,US,119.96,120.66
2024-01-01,revenue,STRENSIQ,CN,15.41,15.21
2024-02-01,revenue,STRENSIQ,CN,15.55,15.0
2024-03-01,revenue,STRENSIQ,CN,15.94,16.1
2024-04-01,revenue,STRENSIQ,CN,16.72,16.11
2024-05-01,revenue,STRENSIQ,CN,16.9,16.7
2024-06-01,revenue,STRENSIQ,CN,17.81,17.66
2024-07-01,revenue,STRENSIQ,CN,17.06,16.77
2024-08-01,revenue,STRENSIQ,CN,17.68,17.6
2024-09-01,revenue,STRENSIQ,CN,18.92,18.48
2024-10-01,revenue,STRENSIQ,CN,19.28,19.23
2024-11-01,revenue,STRENSIQ,CN,20.75,20.33
2024-12-01,revenue,STRENSIQ,CN,21.57,21.51
2025-01-01,revenue,STRENSIQ,US,104.17,103.18
2025-02-01,revenue,STRENSIQ,US,105.0,105.12
2025-03-01,revenue,STRENSIQ,US,110.47,108.99
2025-04-01,revenue,STRENSIQ,US,112.72,111.74
2025-05-01,revenue,STRENSIQ,US,117.0,115.23
2025-06-01,revenue,STRENSIQ,US,121.23,118.94
2025-07-01,revenue,STRENSIQ,US,116.91,115.2
2025-08-01,revenue,STRENSIQ,US,120.85,119.93
2025-09-01,revenue,STRENSIQ,US,131.3,126.34
2025-10-01,revenue,STRENSIQ,US,137.12,134.04
2025-11-01,revenue,STRENSIQ,US,140.8,138.72
2025-12-01,revenue,STRENSIQ,US,148.96,147.25
2025-01-01,revenue,STRENSIQ,CN,18.27,18.41
2025-02-01,revenue,STRENSIQ,CN,18.9,18.56
2025-03-01,revenue,STRENSIQ,CN,20.69,20.16
2025-04-01,revenue,STRENSIQ,CN,20.34,20.0
2025-05-01,revenue,STRENSIQ,CN,20.34,20.22
2025-06-01,revenue,STRENSIQ,CN,21.96,21.48
2025-07-01,revenue,STRENSIQ,CN,20.38,20.39
2025-08-01,revenue,STRENSIQ,CN,21.37,21.55
2025-09-01,revenue,STRENSIQ,CN,22.6,22.19
2025-10-01,revenue,STRENSIQ,CN,23.75,23.47
2025-11-01,revenue,STRENSIQ,CN,24.66,24.51
2025-12-01,revenue,STRENSIQ,CN,26.57,26.3
2023-01-01,revenue,BEYFORTUS,US,6.09,5.88
2023-02-01,revenue,BEYFORTUS,US,6.53,6.17
2023-03-01,revenue,BEYFORTUS,US,6.81,6.47
2023-04-01,revenue,BEYFORTUS,US,6.88,6.53
2023-05-01,revenue,BEYFORTUS,US,7.17,6.65
2023-06-01,revenue,BEYFORTUS,US,7.63,7.06
2023-07-01,revenue,BEYFORTUS,US,7.22,6.74
2023-08-01,revenue,BEYFORTUS,US,7.5,7.02
2023-09-01,revenue,BEYFORTUS,US,7.81,7.22
2023-10-01,revenue,BEYFORTUS,US,8.55,7.93
2023-11-01,revenue,BEYFORTUS,US,8.49,8.18
2023-12-01,revenue,BEYFORTUS,US,9.01,8.45
2023-01-01,revenue,BEYFORTUS,CN,1.39,1.29
2023-02-01,revenue,BEYFORTUS,CN,1.42,1.33
2023-03-01,revenue,BEYFORTUS,CN,1.54,1.43
2023-04-01,revenue,BEYFORTUS,CN,1.46,1.38
2023-05-01,revenue,BEYFORTUS,CN,1.6,1.49
2023-06-01,revenue,BEYFORTUS,CN,1.65,1.55
2023-07-01,revenue,BEYFORTUS,CN,1.56,1.46
2023-08-01,revenue,BEYFORTUS,CN,1.64,1.54
2023-09-01,revenue,BEYFORTUS,CN,1.72,1.65
2023-10-01,revenue,BEYFORTUS,CN,1.79,1.7
2023-11-01,revenue,BEYFORTUS,CN,1.89,1.77
2023-12-01,revenue,BEYFORTUS,CN,1.95,1.87
2024-01-01,revenue,BEYFORTUS,US,45.22,42.25
2024-02-01,revenue,BEYFORTUS,US,46.63,43.35
2024-03-01,revenue,BEYFORTUS,US,48.49,45.46
2024-04-01,revenue,BEYFORTUS,US,48.12,44.67
2024-05-01,revenue,BEYFORTUS,US,49.31,45.71
2024-06-01,revenue,BEYFORTUS,US,51.0,48.63
2024-07-01,revenue,BEYFORTUS,US,49.77,46.5
2024-08-01,revenue,BEYFORTUS,US,51.47,49.32
2024-09-01,revenue,BEYFORTUS,US,55.62,51.63
2024-10-01,revenue,BEYFORTUS,US,57.73,53.53
2024-11-01,revenue,BEYFORTUS,US,57.98,54.97
2024-12-01,revenue,BEYFORTUS,US,63.94,59.22
2024-01-01,revenue,BEYFORTUS,CN,9.9,9.17
2024-02-01,revenue,BEYFORTUS,CN,9.74,9.27
2024-03-01,revenue,BEYFORTUS,CN,10.37,9.84
2024-04-01,revenue,BEYFORTUS,CN,10.19,9.8
2024-05-01,revenue,BEYFORTUS,CN,10.72,10.22
2024-06-01,revenue,BEYFORTUS,CN,11.7,10.95
2024-07-01,revenue,BEYFORTUS,CN,10.8,10.31
2024-08-01,revenue,BEYFORTUS,CN,11.23,10.53
2024-09-01,revenue,BEYFORTUS,CN,12.44,11.62
2024-10-01,revenue,BEYFORTUS,CN,12.52,11.8
2024-11-01,revenue,BEYFORTUS,CN,12.98,12.37
2024-12-01,revenue,BEYFORTUS,CN,13.97,13.08
2025-01-01,revenue,BEYFORTUS,US,56.78,53.39
2025-02-01,revenue,BEYFORTUS,US,58.94,55.34
2025-03-01,revenue,BEYFORTUS,US,61.76,57.84
2025-04-01,revenue,BEYFORTUS,US,62.6,59.02
2025-05-01,revenue,BEYFORTUS,US,63.57,59.3
2025-06-01,revenue,BEYFORTUS,US,67.52,62.1
2025-07-01,revenue,BEYFORTUS,US,66.03,61.5
2025-08-01,revenue,BEYFORTUS,US,64.88,62.76
2025-09-01,revenue,BEYFORTUS,US,70.11,64.59
2025-10-01,revenue,BEYFORTUS,US,76.1,71.6
2025-11-01,revenue,BEYFORTUS,US,79.17,74.06
2025-12-01,revenue,BEYFORTUS,US,80.69,75.67
2025-01-01,revenue,BEYFORTUS,CN,12.68,11.81
2025-02-01,revenue,BEYFORTUS,CN,12.62,11.76
2025-03-01,revenue,BEYFORTUS,CN,13.6,12.87
2025-04-01,revenue,BEYFORTUS,CN,13.3,12.7
2025-05-01,revenue,BEYFORTUS,CN,13.91,12.94
2025-06-01,revenue,BEYFORTUS,CN,14.98,13.82
2025-07-01,revenue,BEYFORTUS,CN,14.36,13.29
2025-08-01,revenue,BEYFORTUS,CN,14.02,13.41
2025-09-01,revenue,BEYFORTUS,CN,15.48,14.34
2025-10-01,revenue,BEYFORTUS,CN,15.82,15.32
2025-11-01,revenue,BEYFORTUS,CN,16.62,15.75
2025-12-01,revenue,BEYFORTUS,CN,17.98,16.94
2023-01-01,expense,COM_US,,188.21,189.07
2023-02-01,expense,COM_US,,197.61,199.36
2023-03-01,expense,COM_US,,203.92,209.6
2023-04-01,expense,COM_US,,207.43,213.35
2023-05-01,expense,COM_US,,209.72,215.43
2023-06-01,expense,COM_US,,218.47,226.66
2023-07-01,expense,COM_US,,220.1,224.75
2023-08-01,expense,COM_US,,224.48,225.66
2023-09-01,expense,COM_US,,233.65,242.49
2023-10-01,expense,COM_US,,252.26,252.23
2023-11-01,expense,COM_US,,252.93,262.1
2023-12-01,expense,COM_US,,270.06,270.46
2024-01-01,expense,COM_US,,229.73,236.29
2024-02-01,expense,COM_US,,232.69,240.24
2024-03-01,expense,COM_US,,261.23,266.63
2024-04-01,expense,COM_US,,245.51,256.92
2024-05-01,expense,COM_US,,257.32,265.84
2024-06-01,expense,COM_US,,268.4,277.5
2024-07-01,expense,COM_US,,265.41,270.23
2024-08-01,expense,COM_US,,284.12,287.81
2024-09-01,expense,COM_US,,293.23,299.37
2024-10-01,expense,COM_US,,302.59,312.65
2024-11-01,expense,COM_US,,318.06,327.13
2024-12-01,expense,COM_US,,334.9,341.15
2025-01-01,expense,COM_US,,233.18,239.71
2025-02-01,expense,COM_US,,264.24,268.71
2025-03-01,expense,COM_US,,269.73,275.06
2025-04-01,expense,COM_US,,272.12,271.92
2025-05-01,expense,COM_US,,272.08,283.64
2025-06-01,expense,COM_US,,286.58,295.01
2025-07-01,expense,COM_US,,281.9,283.15
2025-08-01,expense,COM_US,,283.38,292.55
2025-09-01,expense,COM_US,,310.96,314.89
2025-10-01,expense,COM_US,,318.86,326.54
2025-11-01,expense,COM_US,,325.31,334.4
2025-12-01,expense,COM_US,,341.86,352.62
2023-01-01,expense,COM_CN,,94.89,94.32
2023-02-01,expense,COM_CN,,102.31,98.42
2023-03-01,expense,COM_CN,,101.81,102.28
2023-04-01,expense,COM_CN,,105.06,106.23
2023-05-01,expense,COM_CN,,108.69,109.14
2023-06-01,expense,COM_CN,,115.71,115.66
2023-07-01,expense,COM_CN,,109.52,110.09
2023-08-01,expense,COM_CN,,112.26,112.06
2023-09-01,expense,COM_CN,,117.42,115.63
2023-10-01,expense,COM_CN,,127.48,126.25
2023-11-01,expense,COM_CN,,133.45,134.02
2023-12-01,expense,COM_CN,,147.1,143.43
2024-01-01,expense,COM_CN,,122.85,122.02
2024-02-01,expense,COM_CN,,124.35,121.53
2024-03-01,expense,COM_CN,,135.78,135.46
2024-04-01,expense,COM_CN,,130.86,132.22
2024-05-01,expense,COM_CN,,139.54,136.65
2024-06-01,expense,COM_CN,,145.85,146.84
2024-07-01,expense,COM_CN,,136.83,134.23
2024-08-01,expense,COM_CN,,136.38,136.59
2024-09-01,expense,COM_CN,,156.99,153.64
2024-10-01,expense,COM_CN,,161.64,158.33
2024-11-01,expense,COM_CN,,165.08,161.29
2024-12-01,expense,COM_CN,,184.11,178.16
2025-01-01,expense,COM_CN,,126.59,128.23
2025-02-01,expense,COM_CN,,130.8,128.51
2025-03-01,expense,COM_CN,,141.87,141.34
2025-04-01,expense,COM_CN,,139.86,138.54
2025-05-01,expense,COM_CN,,141.55,140.67
2025-06-01,expense,COM_CN,,150.66,150.8
2025-07-01,expense,COM_CN,,150.16,147.77
2025-08-01,expense,COM_CN,,151.92,147.22
2025-09-01,expense,COM_CN,,161.95,155.04
2025-10-01,expense,COM_CN,,167.33,169.4
2025-11-01,expense,COM_CN,,172.43,172.2
2025-12-01,expense,COM_CN,,178.94,178.99
2023-01-01,expense,COM_MKTG,,117.39,120.39
2023-02-01,expense,COM_MKTG,,119.69,123.56
2023-03-01,expense,COM_MKTG,,125.68,129.2
2023-04-01,expense,COM_MKTG,,126.39,127.19
2023-05-01,expense,COM_MKTG,,132.93,138.3
2023-06-01,expense,COM_MKTG,,136.93,143.61
2023-07-01,expense,COM_MKTG,,135.46,138.09
2023-08-01,expense,COM_MKTG,,133.67,140.14
2023-09-01,expense,COM_MKTG,,144.15,151.91
2023-10-01,expense,COM_MKTG,,154.6,159.54
2023-11-01,expense,COM_MKTG,,152.87,158.89
2023-12-01,expense,COM_MKTG,,169.46,177.09
2024-01-01,expense,COM_MKTG,,142.38,147.54
2024-02-01,expense,COM_MKTG,,146.78,149.57
2024-03-01,expense,COM_MKTG,,157.57,160.77
2024-04-01,expense,COM_MKTG,,152.88,160.31
2024-05-01,expense,COM_MKTG,,157.57,163.88
2024-06-01,expense,COM_MKTG,,171.21,177.34
2024-07-01,expense,COM_MKTG,,162.86,169.56
2024-08-01,expense,COM_MKTG,,173.58,176.07
2024-09-01,expense,COM_MKTG,,176.6,181.54
2024-10-01,expense,COM_MKTG,,184.43,186.37
2024-11-01,expense,COM_MKTG,,194.4,197.01
2024-12-01,expense,COM_MKTG,,207.04,213.2
2025-01-01,expense,COM_MKTG,,150.38,156.52
2025-02-01,expense,COM_MKTG,,152.89,158.76
2025-03-01,expense,COM_MKTG,,164.35,171.7
2025-04-01,expense,COM_MKTG,,169.84,169.74
2025-05-01,expense,COM_MKTG,,177.35,179.24
2025-06-01,expense,COM_MKTG,,186.76,191.02
2025-07-01,expense,COM_MKTG,,170.11,175.32
2025-08-01,expense,COM_MKTG,,172.79,178.95
2025-09-01,expense,COM_MKTG,,180.86,184.74
2025-10-01,expense,COM_MKTG,,202.37,207.88
2025-11-01,expense,COM_MKTG,,206.05,217.15
2025-12-01,expense,COM_MKTG,,221.17,227.1
2023-01-01,expense,COM_ACCESS,,73.94,72.92
2023-02-01,expense,COM_ACCESS,,72.45,71.28
2023-03-01,expense,COM_ACCESS,,79.67,78.1
2023-04-01,expense,COM_ACCESS,,80.51,80.85
2023-05-01,expense,COM_ACCESS,,81.0,80.18
2023-06-01,expense,COM_ACCESS,,87.4,86.84
2023-07-01,expense,COM_ACCESS,,82.08,82.75
2023-08-01,expense,COM_ACCESS,,86.99,86.8
2023-09-01,expense,COM_ACCESS,,91.34,90.63
2023-10-01,expense,COM_ACCESS,,96.17,96.06
2023-11-01,expense,COM_ACCESS,,103.63,102.83
2023-12-01,expense,COM_ACCESS,,102.01,104.33
2024-01-01,expense,COM_ACCESS,,89.75,88.52
2024-02-01,expense,COM_ACCESS,,90.69,92.4
2024-03-01,expense,COM_ACCESS,,96.61,94.68
2024-04-01,expense,COM_ACCESS,,95.96,96.09
2024-05-01,expense,COM_ACCESS,,102.31,101.48
2024-06-01,expense,COM_ACCESS,,102.38,102.14
2024-07-01,expense,COM_ACCESS,,100.4,101.88
2024-08-01,expense,COM_ACCESS,,99.7,101.21
2024-09-01,expense,COM_ACCESS,,111.66,108.25
2024-10-01,expense,COM_ACCESS,,113.98,114.39
2024-11-01,expense,COM_ACCESS,,126.66,122.22
2024-12-01,expense,COM_ACCESS,,128.49,126.42
2025-01-01,expense,COM_ACCESS,,94.56,95.33
2025-02-01,expense,COM_ACCESS,,97.04,96.95
2025-03-01,expense,COM_ACCESS,,106.47,103.99
2025-04-01,expense,COM_ACCESS,,104.81,103.18
2025-05-01,expense,COM_ACCESS,,104.68,103.58
2025-06-01,expense,COM_ACCESS,,116.84,115.11
2025-07-01,expense,COM_ACCESS,,107.36,107.12
2025-08-01,expense,COM_ACCESS,,109.97,110.51
2025-09-01,expense,COM_ACCESS,,119.59,118.71
2025-10-01,expense,COM_ACCESS,,123.92,123.97
2025-11-01,expense,COM_ACCESS,,133.94,132.77
2025-12-01,expense,COM_ACCESS,,132.99,135.36
2023-01-01,expense,RD_ONCO,,204.97,214.06
2023-02-01,expense,RD_ONCO,,224.42,226.35
2023-03-01,expense,RD_ONCO,,228.03,235.76
2023-04-01,expense,RD_ONCO,,231.39,238.31
2023-05-01,expense,RD_ONCO,,231.77,243.58
2023-06-01,expense,RD_ONCO,,241.6,252.3
2023-07-01,expense,RD_ONCO,,245.39,248.22
2023-08-01,expense,RD_ONCO,,253.02,259.52
2023-09-01,expense,RD_ONCO,,268.88,275.74
2023-10-01,expense,RD_ONCO,,276.22,288.64
2023-11-01,expense,RD_ONCO,,293.59,298.6
2023-12-01,expense,RD_ONCO,,291.75,300.47
2024-01-01,expense,RD_ONCO,,245.88,257.59
2024-02-01,expense,RD_ONCO,,265.57,272.01
2024-03-01,expense,RD_ONCO,,275.08,290.02
2024-04-01,expense,RD_ONCO,,279.69,291.84
2024-05-01,expense,RD_ONCO,,290.27,299.1
2024-06-01,expense,RD_ONCO,,318.24,323.26
2024-07-01,expense,RD_ONCO,,286.2,302.8
2024-08-01,expense,RD_ONCO,,297.54,304.99
2024-09-01,expense,RD_ONCO,,326.09,331.11
2024-10-01,expense,RD_ONCO,,330.5,346.54
2024-11-01,expense,RD_ONCO,,345.74,357.39
2024-12-01,expense,RD_ONCO,,372.45,380.16
2025-01-01,expense,RD_ONCO,,278.94,293.43
2025-02-01,expense,RD_ONCO,,279.03,287.7
2025-03-01,expense,RD_ONCO,,312.86,319.22
2025-04-01,expense,RD_ONCO,,301.62,320.39
2025-05-01,expense,RD_ONCO,,314.74,325.21
2025-06-01,expense,RD_ONCO,,326.98,338.98
2025-07-01,expense,RD_ONCO,,309.59,321.91
2025-08-01,expense,RD_ONCO,,327.0,343.01
2025-09-01,expense,RD_ONCO,,362.34,369.76
2025-10-01,expense,RD_ONCO,,356.92,375.57
2025-11-01,expense,RD_ONCO,,373.44,393.55
2025-12-01,expense,RD_ONCO,,404.62,420.94
2023-01-01,expense,RD_BIO,,158.45,161.16
2023-02-01,expense,RD_BIO,,166.38,169.63
2023-03-01,expense,RD_BIO,,179.93,182.02
2023-04-01,expense,RD_BIO,,180.7,180.76
2023-05-01,expense,RD_BIO,,172.88,178.02
2023-06-01,expense,RD_BIO,,191.4,195.51
2023-07-01,expense,RD_BIO,,186.94,186.6
2023-08-01,expense,RD_BIO,,189.52,192.71
2023-09-01,expense,RD_BIO,,201.19,204.83
2023-10-01,expense,RD_BIO,,219.08,221.01
2023-11-01,expense,RD_BIO,,222.3,226.14
2023-12-01,expense,RD_BIO,,230.58,238.96
2024-01-01,expense,RD_BIO,,201.18,207.36
2024-02-01,expense,RD_BIO,,210.68,215.37
2024-03-01,expense,RD_BIO,,218.68,226.1
2024-04-01,expense,RD_BIO,,218.2,219.18
2024-05-01,expense,RD_BIO,,220.75,223.97
2024-06-01,expense,RD_BIO,,235.23,235.06
2024-07-01,expense,RD_BIO,,221.45,224.39
2024-08-01,expense,RD_BIO,,223.32,232.36
2024-09-01,expense,RD_BIO,,239.77,241.79
2024-10-01,expense,RD_BIO,,261.28,273.04
2024-11-01,expense,RD_BIO,,272.94,276.99
2024-12-01,expense,RD_BIO,,290.55,293.73
2025-01-01,expense,RD_BIO,,211.27,219.0
2025-02-01,expense,RD_BIO,,211.51,216.74
2025-03-01,expense,RD_BIO,,230.75,238.29
2025-04-01,expense,RD_BIO,,237.87,241.22
2025-05-01,expense,RD_BIO,,241.55,249.51
2025-06-01,expense,RD_BIO,,241.73,250.69
2025-07-01,expense,RD_BIO,,237.77,244.07
2025-08-01,expense,RD_BIO,,245.61,247.76
2025-09-01,expense,RD_BIO,,254.77,261.22
2025-10-01,expense,RD_BIO,,278.08,281.46
2025-11-01,expense,RD_BIO,,273.58,280.66
2025-12-01,expense,RD_BIO,,308.64,318.51
2023-01-01,expense,RD_CLIN,,100.9,105.24
2023-02-01,expense,RD_CLIN,,104.63,110.5
2023-03-01,expense,RD_CLIN,,111.8,118.97
2023-04-01,expense,RD_CLIN,,110.79,117.38
2023-05-01,expense,RD_CLIN,,122.12,125.77
2023-06-01,expense,RD_CLIN,,129.49,132.95
2023-07-01,expense,RD_CLIN,,119.29,125.04
2023-08-01,expense,RD_CLIN,,123.01,127.56
2023-09-01,expense,RD_CLIN,,128.94,136.38
2023-10-01,expense,RD_CLIN,,138.0,140.8
2023-11-01,expense,RD_CLIN,,138.12,144.88
2023-12-01,expense,RD_CLIN,,149.76,158.45
2024-01-01,expense,RD_CLIN,,130.18,135.16
2024-02-01,expense,RD_CLIN,,131.33,139.35
2024-03-01,expense,RD_CLIN,,139.62,146.56
2024-04-01,expense,RD_CLIN,,141.86,147.81
2024-05-01,expense,RD_CLIN,,146.52,150.67
2024-06-01,expense,RD_CLIN,,159.97,168.05
2024-07-01,expense,RD_CLIN,,147.37,150.44
2024-08-01,expense,RD_CLIN,,146.87,150.95
2024-09-01,expense,RD_CLIN,,154.46,160.21
2024-10-01,expense,RD_CLIN,,162.99,171.05
2024-11-01,expense,RD_CLIN,,171.69,179.66
2024-12-01,expense,RD_CLIN,,182.09,191.78
2025-01-01,expense,RD_CLIN,,136.29,143.82
2025-02-01,expense,RD_CLIN,,140.52,144.21
2025-03-01,expense,RD_CLIN,,152.6,157.04
2025-04-01,expense,RD_CLIN,,144.19,152.17
2025-05-01,expense,RD_CLIN,,146.25,153.99
2025-06-01,expense,RD_CLIN,,155.34,165.08
2025-07-01,expense,RD_CLIN,,150.49,159.57
2025-08-01,expense,RD_CLIN,,161.48,170.87
2025-09-01,expense,RD_CLIN,,172.39,178.76
2025-10-01,expense,RD_CLIN,,180.1,186.67
2025-11-01,expense,RD_CLIN,,183.72,188.12
2025-12-01,expense,RD_CLIN,,198.16,204.43
2023-01-01,expense,RD_REG,,56.21,55.72
2023-02-01,expense,RD_REG,,56.89,56.63
2023-03-01,expense,RD_REG,,62.45,60.31
2023-04-01,expense,RD_REG,,61.09,60.73
2023-05-01,expense,RD_REG,,61.72,61.52
2023-06-01,expense,RD_REG,,67.42,66.81
2023-07-01,expense,RD_REG,,64.25,63.31
2023-08-01,expense,RD_REG,,65.02,64.45
2023-09-01,expense,RD_REG,,71.56,72.16
2023-10-01,expense,RD_REG,,74.46,74.96
2023-11-01,expense,RD_REG,,78.91,78.65
2023-12-01,expense,RD_REG,,82.49,80.63
2024-01-01,expense,RD_REG,,68.51,66.58
2024-02-01,expense,RD_REG,,68.61,69.51
2024-03-01,expense,RD_REG,,73.9,71.33
2024-04-01,expense,RD_REG,,74.69,73.33
2024-05-01,expense,RD_REG,,75.55,73.65
2024-06-01,expense,RD_REG,,83.14,80.72
2024-07-01,expense,RD_REG,,76.61,76.86
2024-08-01,expense,RD_REG,,81.1,77.88
2024-09-01,expense,RD_REG,,87.96,84.34
2024-10-01,expense,RD_REG,,91.59,89.65
2024-11-01,expense,RD_REG,,93.84,92.99
2024-12-01,expense,RD_REG,,100.6,99.18
2025-01-01,expense,RD_REG,,72.98,71.46
2025-02-01,expense,RD_REG,,74.73,73.35
2025-03-01,expense,RD_REG,,81.09,79.2
2025-04-01,expense,RD_REG,,82.12,81.25
2025-05-01,expense,RD_REG,,79.94,79.05
2025-06-01,expense,RD_REG,,86.7,84.48
2025-07-01,expense,RD_REG,,84.44,84.0
2025-08-01,expense,RD_REG,,88.87,86.63
2025-09-01,expense,RD_REG,,87.19,86.83
2025-10-01,expense,RD_REG,,94.21,94.18
2025-11-01,expense,RD_REG,,99.84,96.55
2025-12-01,expense,RD_REG,,107.54,106.72
2023-01-01,expense,OPS_US,,56.38,56.87
2023-02-01,expense,OPS_US,,56.9,59.13
2023-03-01,expense,OPS_US,,62.15,62.77
2023-04-01,expense,OPS_US,,63.31,63.28
2023-05-01,expense,OPS_US,,65.13,66.2
2023-06-01,expense,OPS_US,,68.25,69.24
2023-07-01,expense,OPS_US,,63.03,63.18
2023-08-01,expense,OPS_US,,68.19,67.49
2023-09-01,expense,OPS_US,,69.27,71.5
2023-10-01,expense,OPS_US,,72.2,73.83
2023-11-01,expense,OPS_US,,76.06,78.61
2023-12-01,expense,OPS_US,,79.02,80.16
2024-01-01,expense,OPS_US,,68.97,68.81
2024-02-01,expense,OPS_US,,73.5,73.34
2024-03-01,expense,OPS_US,,73.1,75.11
2024-04-01,expense,OPS_US,,75.85,75.52
2024-05-01,expense,OPS_US,,79.16,80.77
2024-06-01,expense,OPS_US,,85.29,85.51
2024-07-01,expense,OPS_US,,76.94,78.48
2024-08-01,expense,OPS_US,,83.83,85.61
2024-09-01,expense,OPS_US,,86.07,87.98
2024-10-01,expense,OPS_US,,93.24,92.71
2024-11-01,expense,OPS_US,,92.62,92.51
2024-12-01,expense,OPS_US,,99.03,101.09
2025-01-01,expense,OPS_US,,74.04,75.86
2025-02-01,expense,OPS_US,,75.84,76.58
2025-03-01,expense,OPS_US,,84.45,83.86
2025-04-01,expense,OPS_US,,82.86,84.17
2025-05-01,expense,OPS_US,,84.33,83.66
2025-06-01,expense,OPS_US,,89.58,90.61
2025-07-01,expense,OPS_US,,85.22,86.77
2025-08-01,expense,OPS_US,,87.05,89.12
2025-09-01,expense,OPS_US,,95.82,96.5
2025-10-01,expense,OPS_US,,99.6,100.62
2025-11-01,expense,OPS_US,,102.11,103.02
2025-12-01,expense,OPS_US,,105.12,107.98
2023-01-01,expense,OPS_CN,,42.61,41.71
2023-02-01,expense,OPS_CN,,46.52,44.85
2023-03-01,expense,OPS_CN,,45.73,45.55
2023-04-01,expense,OPS_CN,,47.34,46.12
2023-05-01,expense,OPS_CN,,48.58,47.53
2023-06-01,expense,OPS_CN,,51.3,51.25
2023-07-01,expense,OPS_CN,,48.11,47.4
2023-08-01,expense,OPS_CN,,48.05,47.31
2023-09-01,expense,OPS_CN,,52.2,51.5
2023-10-01,expense,OPS_CN,,56.77,54.58
2023-11-01,expense,OPS_CN,,57.01,55.94
2023-12-01,expense,OPS_CN,,63.2,62.56
2024-01-01,expense,OPS_CN,,51.47,50.2
2024-02-01,expense,OPS_CN,,55.53,53.71
2024-03-01,expense,OPS_CN,,56.3,56.47
2024-04-01,expense,OPS_CN,,57.12,56.05
2024-05-01,expense,OPS_CN,,56.88,56.57
2024-06-01,expense,OPS_CN,,62.06,61.32
2024-07-01,expense,OPS_CN,,59.22,56.42
2024-08-01,expense,OPS_CN,,62.28,59.67
2024-09-01,expense,OPS_CN,,64.07,62.63
2024-10-01,expense,OPS_CN,,67.7,66.96
2024-11-01,expense,OPS_CN,,71.0,69.26
2024-12-01,expense,OPS_CN,,77.9,75.14
2025-01-01,expense,OPS_CN,,54.29,53.88
2025-02-01,expense,OPS_CN,,56.19,55.52
2025-03-01,expense,OPS_CN,,60.37,58.92
2025-04-01,expense,OPS_CN,,60.63,59.87
2025-05-01,expense,OPS_CN,,62.47,61.23
2025-06-01,expense,OPS_CN,,66.39,64.77
2025-07-01,expense,OPS_CN,,64.2,61.59
2025-08-01,expense,OPS_CN,,64.73,61.99
2025-09-01,expense,OPS_CN,,69.84,67.66
2025-10-01,expense,OPS_CN,,74.0,72.33
2025-11-01,expense,OPS_CN,,74.22,72.68
2025-12-01,expense,OPS_CN,,82.0,79.53
2023-01-01,expense,OPS_SC,,39.59,41.52
2023-02-01,expense,OPS_SC,,41.1,42.49
2023-03-01,expense,OPS_SC,,42.77,44.37
2023-04-01,expense,OPS_SC,,43.67,44.99
2023-05-01,expense,OPS_SC,,44.91,45.9
2023-06-01,expense,OPS_SC,,46.63,47.89
2023-07-01,expense,OPS_SC,,46.61,47.6
2023-08-01,expense,OPS_SC,,45.29,46.45
2023-09-01,expense,OPS_SC,,51.1,51.83
2023-10-01,expense,OPS_SC,,51.41,53.77
2023-11-01,expense,OPS_SC,,51.9,54.2
2023-12-01,expense,OPS_SC,,56.14,57.88
2024-01-01,expense,OPS_SC,,48.57,50.04
2024-02-01,expense,OPS_SC,,50.49,51.68
2024-03-01,expense,OPS_SC,,53.41,54.48
2024-04-01,expense,OPS_SC,,52.69,53.59
2024-05-01,expense,OPS_SC,,54.21,54.7
2024-06-01,expense,OPS_SC,,57.03,59.05
2024-07-01,expense,OPS_SC,,53.42,55.43
2024-08-01,expense,OPS_SC,,56.08,58.84
2024-09-01,expense,OPS_SC,,64.24,65.23
2024-10-01,expense,OPS_SC,,66.24,67.22
2024-11-01,expense,OPS_SC,,67.4,69.47
2024-12-01,expense,OPS_SC,,67.77,70.25
2025-01-01,expense,OPS_SC,,53.02,55.48
2025-02-01,expense,OPS_SC,,54.3,55.96
2025-03-01,expense,OPS_SC,,57.98,59.23
2025-04-01,expense,OPS_SC,,54.99,56.71
2025-05-01,expense,OPS_SC,,59.9,61.84
2025-06-01,expense,OPS_SC,,60.1,61.97
2025-07-01,expense,OPS_SC,,59.28,60.25
2025-08-01,expense,OPS_SC,,59.69,61.14
2025-09-01,expense,OPS_SC,,64.14,67.39
2025-10-01,expense,OPS_SC,,65.35,68.28
2025-11-01,expense,OPS_SC,,68.45,71.29
2025-12-01,expense,OPS_SC,,78.79,80.89
2023-01-01,expense,OPS_QA,,24.1,24.22
2023-02-01,expense,OPS_QA,,25.73,26.1
2023-03-01,expense,OPS_QA,,27.88,27.44
2023-04-01,expense,OPS_QA,,27.68,27.36
2023-05-01,expense,OPS_QA,,28.19,28.2
2023-06-01,expense,OPS_QA,,28.76,28.52
2023-07-01,expense,OPS_QA,,28.0,28.12
2023-08-01,expense,OPS_QA,,29.64,28.98
2023-09-01,expense,OPS_QA,,31.14,30.56
2023-10-01,expense,OPS_QA,,33.07,33.7
2023-11-01,expense,OPS_QA,,33.9,34.16
2023-12-01,expense,OPS_QA,,36.39,35.33
2024-01-01,expense,OPS_QA,,31.14,31.35
2024-02-01,expense,OPS_QA,,31.17,31.33
2024-03-01,expense,OPS_QA,,33.31,33.27
2024-04-01,expense,OPS_QA,,32.88,32.87
2024-05-01,expense,OPS_QA,,34.46,34.52
2024-06-01,expense,OPS_QA,,35.6,35.51
2024-07-01,expense,OPS_QA,,35.89,35.18
2024-08-01,expense,OPS_QA,,34.86,35.12
2024-09-01,expense,OPS_QA,,39.23,38.62
2024-10-01,expense,OPS_QA,,40.84,40.05
2024-11-01,expense,OPS_QA,,41.03,41.11
2024-12-01,expense,OPS_QA,,43.66,43.05
2025-01-01,expense,OPS_QA,,32.78,33.17
2025-02-01,expense,OPS_QA,,33.25,33.22
2025-03-01,expense,OPS_QA,,34.61,34.71
2025-04-01,expense,OPS_QA,,36.64,35.82
2025-05-01,expense,OPS_QA,,37.21,36.05
2025-06-01,expense,OPS_QA,,40.34,39.5
2025-07-01,expense,OPS_QA,,37.37,37.04
2025-08-01,expense,OPS_QA,,40.02,39.63
2025-09-01,expense,OPS_QA,,40.81,39.96
2025-10-01,expense,OPS_QA,,42.93,41.68
2025-11-01,expense,OPS_QA,,44.31,44.11
2025-12-01,expense,OPS_QA,,46.79,47.41
2023-01-01,expense,FIN_FPA,,29.45,29.2
2023-02-01,expense,FIN_FPA,,30.45,30.0
2023-03-01,expense,FIN_FPA,,32.37,31.82
2023-04-01,expense,FIN_FPA,,32.08,31.25
2023-05-01,expense,FIN_FPA,,32.96,32.29
2023-06-01,expense,FIN_FPA,,36.35,35.84
2023-07-01,expense,FIN_FPA,,33.57,32.93
2023-08-01,expense,FIN_FPA,,34.85,34.42
2023-09-01,expense,FIN_FPA,,35.93,35.3
2023-10-01,expense,FIN_FPA,,37.88,38.41
2023-11-01,expense,FIN_FPA,,41.07,39.92
2023-12-01,expense,FIN_FPA,,42.34,42.55
2024-01-01,expense,FIN_FPA,,36.06,35.19
2024-02-01,expense,FIN_FPA,,36.65,36.25
2024-03-01,expense,FIN_FPA,,38.86,38.67
2024-04-01,expense,FIN_FPA,,39.04,38.23
2024-05-01,expense,FIN_FPA,,41.19,40.04
2024-06-01,expense,FIN_FPA,,41.37,41.71
2024-07-01,expense,FIN_FPA,,41.08,39.89
2024-08-01,expense,FIN_FPA,,42.34,42.36
2024-09-01,expense,FIN_FPA,,43.47,43.62
2024-10-01,expense,FIN_FPA,,47.53,46.75
2024-11-01,expense,FIN_FPA,,50.06,48.6
2024-12-01,expense,FIN_FPA,,52.49,52.43
2025-01-01,expense,FIN_FPA,,38.46,38.31
2025-02-01,expense,FIN_FPA,,40.77,39.46
2025-03-01,expense,FIN_FPA,,41.55,40.83
2025-04-01,expense,FIN_FPA,,42.17,41.89
2025-05-01,expense,FIN_FPA,,42.13,40.79
2025-06-01,expense,FIN_FPA,,46.71,45.33
2025-07-01,expense,FIN_FPA,,43.83,42.59
2025-08-01,expense,FIN_FPA,,45.24,45.02
2025-09-01,expense,FIN_FPA,,48.35,47.61
2025-10-01,expense,FIN_FPA,,50.04,49.41
2025-11-01,expense,FIN_FPA,,52.03,51.35
2025-12-01,expense,FIN_FPA,,55.45,54.35
2023-01-01,expense,FIN_TREAS,,21.52,21.4
2023-02-01,expense,FIN_TREAS,,21.0,20.72
2023-03-01,expense,FIN_TREAS,,22.58,22.35
2023-04-01,expense,FIN_TREAS,,22.56,22.35
2023-05-01,expense,FIN_TREAS,,23.85,23.35
2023-06-01,expense,FIN_TREAS,,25.07,24.65
2023-07-01,expense,FIN_TREAS,,24.47,23.97
2023-08-01,expense,FIN_TREAS,,23.61,23.7
2023-09-01,expense,FIN_TREAS,,27.32,26.57
2023-10-01,expense,FIN_TREAS,,27.16,27.51
2023-11-01,expense,FIN_TREAS,,29.75,29.02
2023-12-01,expense,FIN_TREAS,,31.13,30.85
2024-01-01,expense,FIN_TREAS,,26.05,25.85
2024-02-01,expense,FIN_TREAS,,27.21,26.58
2024-03-01,expense,FIN_TREAS,,27.55,27.6
2024-04-01,expense,FIN_TREAS,,27.7,27.07
2024-05-01,expense,FIN_TREAS,,29.8,29.39
2024-06-01,expense,FIN_TREAS,,31.39,30.83
2024-07-01,expense,FIN_TREAS,,29.31,29.79
2024-08-01,expense,FIN_TREAS,,30.63,29.83
2024-09-01,expense,FIN_TREAS,,31.18,30.95
2024-10-01,expense,FIN_TREAS,,33.76,33.48
2024-11-01,expense,FIN_TREAS,,34.98,34.74
2024-12-01,expense,FIN_TREAS,,38.68,38.2
2025-01-01,expense,FIN_TREAS,,27.6,27.51
2025-02-01,expense,FIN_TREAS,,28.43,28.16
2025-03-01,expense,FIN_TREAS,,29.22,29.35
2025-04-01,expense,FIN_TREAS,,28.96,29.13
2025-05-01,expense,FIN_TREAS,,30.38,30.4
2025-06-01,expense,FIN_TREAS,,31.98,31.56
2025-07-01,expense,FIN_TREAS,,31.9,31.28
2025-08-01,expense,FIN_TREAS,,31.78,31.35
2025-09-01,expense,FIN_TREAS,,32.76,33.33
2025-10-01,expense,FIN_TREAS,,36.41,36.24
2025-11-01,expense,FIN_TREAS,,38.75,37.84
2025-12-01,expense,FIN_TREAS,,38.75,38.5
2023-01-01,expense,FIN_ACCT,,20.19,20.4
2023-02-01,expense,FIN_ACCT,,21.42,21.87
2023-03-01,expense,FIN_ACCT,,22.45,22.18
2023-04-01,expense,FIN_ACCT,,22.58,23.16
2023-05-01,expense,FIN_ACCT,,22.11,22.52
2023-06-01,expense,FIN_ACCT,,24.55,25.05
2023-07-01,expense,FIN_ACCT,,23.95,24.24
2023-08-01,expense,FIN_ACCT,,23.38,23.55
2023-09-01,expense,FIN_ACCT,,25.81,25.72
2023-10-01,expense,FIN_ACCT,,27.05,26.67
2023-11-01,expense,FIN_ACCT,,27.59,27.68
2023-12-01,expense,FIN_ACCT,,28.71,29.24
2024-01-01,expense,FIN_ACCT,,25.25,25.86
2024-02-01,expense,FIN_ACCT,,24.51,25.11
2024-03-01,expense,FIN_ACCT,,28.12,27.96
2024-04-01,expense,FIN_ACCT,,27.17,27.84
2024-05-01,expense,FIN_ACCT,,28.65,28.47
2024-06-01,expense,FIN_ACCT,,29.86,30.12
2024-07-01,expense,FIN_ACCT,,27.56,27.86
2024-08-01,expense,FIN_ACCT,,28.58,28.94
2024-09-01,expense,FIN_ACCT,,31.55,31.42
2024-10-01,expense,FIN_ACCT,,32.34,33.08
2024-11-01,expense,FIN_ACCT,,33.7,34.57
2024-12-01,expense,FIN_ACCT,,36.97,37.52
2025-01-01,expense,FIN_ACCT,,27.49,27.05
2025-02-01,expense,FIN_ACCT,,28.21,28.45
2025-03-01,expense,FIN_ACCT,,28.55,28.65
2025-04-01,expense,FIN_ACCT,,29.85,30.72
2025-05-01,expense,FIN_ACCT,,30.28,30.07
2025-06-01,expense,FIN_ACCT,,31.51,32.13
2025-07-01,expense,FIN_ACCT,,31.05,31.07
2025-08-01,expense,FIN_ACCT,,30.57,31.29
2025-09-01,expense,FIN_ACCT,,33.38,33.38
2025-10-01,expense,FIN_ACCT,,35.25,34.94
2025-11-01,expense,FIN_ACCT,,35.95,36.25
2025-12-01,expense,FIN_ACCT,,40.32,40.38
2023-01-01,expense,FIN_AUDIT,,12.91,12.39
2023-02-01,expense,FIN_AUDIT,,13.66,13.18
2023-03-01,expense,FIN_AUDIT,,14.53,14.06
2023-04-01,expense,FIN_AUDIT,,14.41,14.13
2023-05-01,expense,FIN_AUDIT,,14.17,14.01
2023-06-01,expense,FIN_AUDIT,,15.87,15.33
2023-07-01,expense,FIN_AUDIT,,14.47,13.99
2023-08-01,expense,FIN_AUDIT,,15.18,14.79
2023-09-01,expense,FIN_AUDIT,,16.2,15.85
2023-10-01,expense,FIN_AUDIT,,16.8,16.3
2023-11-01,expense,FIN_AUDIT,,17.51,17.37
2023-12-01,expense,FIN_AUDIT,,18.46,17.78
2024-01-01,expense,FIN_AUDIT,,16.05,15.71
2024-02-01,expense,FIN_AUDIT,,16.66,16.3
2024-03-01,expense,FIN_AUDIT,,16.68,16.4
2024-04-01,expense,FIN_AUDIT,,17.02,16.94
2024-05-01,expense,FIN_AUDIT,,17.78,17.16
2024-06-01,expense,FIN_AUDIT,,18.79,18.1
2024-07-01,expense,FIN_AUDIT,,17.59,17.38
2024-08-01,expense,FIN_AUDIT,,18.21,17.8
2024-09-01,expense,FIN_AUDIT,,19.67,19.37
2024-10-01,expense,FIN_AUDIT,,19.96,19.41
2024-11-01,expense,FIN_AUDIT,,21.54,20.91
2024-12-01,expense,FIN_AUDIT,,22.06,21.78
2025-01-01,expense,FIN_AUDIT,,16.98,16.44
2025-02-01,expense,FIN_AUDIT,,17.46,16.82
2025-03-01,expense,FIN_AUDIT,,18.64,18.37
2025-04-01,expense,FIN_AUDIT,,18.2,18.04
2025-05-01,expense,FIN_AUDIT,,18.62,18.34
2025-06-01,expense,FIN_AUDIT,,19.38,19.07
2025-07-01,expense,FIN_AUDIT,,18.96,18.69
2025-08-01,expense,FIN_AUDIT,,20.06,19.15
2025-09-01,expense,FIN_AUDIT,,21.16,20.91
2025-10-01,expense,FIN_AUDIT,,22.24,21.49
2025-11-01,expense,FIN_AUDIT,,22.75,22.33
2025-12-01,expense,FIN_AUDIT,,24.86,23.78
2023-01-01,expense,EN_HR,,27.8,28.25
2023-02-01,expense,EN_HR,,30.42,30.48
2023-03-01,expense,EN_HR,,32.01,31.85
2023-04-01,expense,EN_HR,,31.07,31.68
2023-05-01,expense,EN_HR,,32.08,32.53
2023-06-01,expense,EN_HR,,34.86,35.2
2023-07-01,expense,EN_HR,,31.25,32.62
2023-08-01,expense,EN_HR,,33.18,33.49
2023-09-01,expense,EN_HR,,35.73,36.03
2023-10-01,expense,EN_HR,,37.56,38.53
2023-11-01,expense,EN_HR,,39.44,39.59
2023-12-01,expense,EN_HR,,40.99,41.25
2024-01-01,expense,EN_HR,,34.34,35.05
2024-02-01,expense,EN_HR,,35.92,35.94
2024-03-01,expense,EN_HR,,36.29,37.26
2024-04-01,expense,EN_HR,,38.09,39.1
2024-05-01,expense,EN_HR,,38.85,39.75
2024-06-01,expense,EN_HR,,41.06,42.12
2024-07-01,expense,EN_HR,,40.08,40.42
2024-08-01,expense,EN_HR,,40.81,40.61
2024-09-01,expense,EN_HR,,44.33,45.53
2024-10-01,expense,EN_HR,,45.4,46.43
2024-11-01,expense,EN_HR,,46.54,47.34
2024-12-01,expense,EN_HR,,49.81,50.38
2025-01-01,expense,EN_HR,,37.52,37.91
2025-02-01,expense,EN_HR,,37.88,38.09
2025-03-01,expense,EN_HR,,41.43,41.43
2025-04-01,expense,EN_HR,,40.73,41.56
2025-05-01,expense,EN_HR,,41.7,42.15
2025-06-01,expense,EN_HR,,45.94,45.87
2025-07-01,expense,EN_HR,,43.59,44.1
2025-08-01,expense,EN_HR,,43.21,44.42
2025-09-01,expense,EN_HR,,44.43,45.35
2025-10-01,expense,EN_HR,,49.57,49.98
2025-11-01,expense,EN_HR,,50.72,50.49
2025-12-01,expense,EN_HR,,53.64,53.71
2023-01-01,expense,EN_IT,,31.39,32.57
2023-02-01,expense,EN_IT,,32.99,34.47
2023-03-01,expense,EN_IT,,35.73,36.23
2023-04-01,expense,EN_IT,,35.24,36.09
2023-05-01,expense,EN_IT,,36.84,37.71
2023-06-01,expense,EN_IT,,37.14,39.01
2023-07-01,expense,EN_IT,,35.73,37.48
2023-08-01,expense,EN_IT,,37.62,38.44
2023-09-01,expense,EN_IT,,41.1,42.85
2023-10-01,expense,EN_IT,,41.88,43.15
2023-11-01,expense,EN_IT,,44.41,45.69
2023-12-01,expense,EN_IT,,46.78,48.87
2024-01-01,expense,EN_IT,,40.16,41.1
2024-02-01,expense,EN_IT,,40.06,42.28
2024-03-01,expense,EN_IT,,43.09,44.86
2024-04-01,expense,EN_IT,,44.82,45.25
2024-05-01,expense,EN_IT,,45.06,46.38
2024-06-01,expense,EN_IT,,48.61,49.12
2024-07-01,expense,EN_IT,,46.09,47.39
2024-08-01,expense,EN_IT,,44.13,46.21
2024-09-01,expense,EN_IT,,48.33,50.71
2024-10-01,expense,EN_IT,,51.08,53.99
2024-11-01,expense,EN_IT,,51.81,54.12
2024-12-01,expense,EN_IT,,58.41,60.76
2025-01-01,expense,EN_IT,,42.08,44.05
2025-02-01,expense,EN_IT,,41.41,43.77
2025-03-01,expense,EN_IT,,45.51,47.46
2025-04-01,expense,EN_IT,,46.55,48.37
2025-05-01,expense,EN_IT,,47.23,48.33
2025-06-01,expense,EN_IT,,50.34,51.34
2025-07-01,expense,EN_IT,,47.69,49.76
2025-08-01,expense,EN_IT,,47.58,48.82
2025-09-01,expense,EN_IT,,51.99,53.66
2025-10-01,expense,EN_IT,,56.39,57.23
2025-11-01,expense,EN_IT,,57.4,60.45
2025-12-01,expense,EN_IT,,61.09,63.24
2023-01-01,expense,EN_LEGAL,,23.01,23.79
2023-02-01,expense,EN_LEGAL,,24.31,24.92
2023-03-01,expense,EN_LEGAL,,25.91,26.35
2023-04-01,expense,EN_LEGAL,,26.02,26.84
2023-05-01,expense,EN_LEGAL,,27.85,27.95
2023-06-01,expense,EN_LEGAL,,27.89,28.84
2023-07-01,expense,EN_LEGAL,,26.56,26.93
2023-08-01,expense,EN_LEGAL,,27.4,28.06
2023-09-01,expense,EN_LEGAL,,29.74,30.12
2023-10-01,expense,EN_LEGAL,,30.48,31.41
2023-11-01,expense,EN_LEGAL,,32.06,32.23
2023-12-01,expense,EN_LEGAL,,34.03,34.87
2024-01-01,expense,EN_LEGAL,,28.79,28.75
2024-02-01,expense,EN_LEGAL,,29.43,30.04
2024-03-01,expense,EN_LEGAL,,32.77,33.04
2024-04-01,expense,EN_LEGAL,,31.47,32.09
2024-05-01,expense,EN_LEGAL,,31.42,32.36
2024-06-01,expense,EN_LEGAL,,34.74,34.98
2024-07-01,expense,EN_LEGAL,,32.91,32.79
2024-08-01,expense,EN_LEGAL,,33.08,34.67
2024-09-01,expense,EN_LEGAL,,36.51,37.12
2024-10-01,expense,EN_LEGAL,,35.85,37.21
2024-11-01,expense,EN_LEGAL,,37.68,38.65
2024-12-01,expense,EN_LEGAL,,41.44,42.96
2025-01-01,expense,EN_LEGAL,,31.03,31.38
2025-02-01,expense,EN_LEGAL,,33.09,33.78
2025-03-01,expense,EN_LEGAL,,32.82,33.45
2025-04-01,expense,EN_LEGAL,,33.31,33.61
2025-05-01,expense,EN_LEGAL,,35.81,36.01
2025-06-01,expense,EN_LEGAL,,35.26,36.02
2025-07-01,expense,EN_LEGAL,,34.86,35.54
2025-08-01,expense,EN_LEGAL,,35.45,36.12
2025-09-01,expense,EN_LEGAL,,37.85,38.99
2025-10-01,expense,EN_LEGAL,,41.27,42.24
2025-11-01,expense,EN_LEGAL,,42.91,42.61
2025-12-01,expense,EN_LEGAL,,43.57,45.16
2023-01-01,expense,EN_COMMS,,9.75,9.74
2023-02-01,expense,EN_COMMS,,9.99,9.78
2023-03-01,expense,EN_COMMS,,10.67,10.52
2023-04-01,expense,EN_COMMS,,11.27,10.9
2023-05-01,expense,EN_COMMS,,11.19,11.11
2023-06-01,expense,EN_COMMS,,11.69,11.35
2023-07-01,expense,EN_COMMS,,11.13,11.3
2023-08-01,expense,EN_COMMS,,11.77,11.34
2023-09-01,expense,EN_COMMS,,12.06,12.03
2023-10-01,expense,EN_COMMS,,12.7,12.66
2023-11-01,expense,EN_COMMS,,13.13,13.05
2023-12-01,expense,EN_COMMS,,14.31,13.78
2024-01-01,expense,EN_COMMS,,11.95,11.89
2024-02-01,expense,EN_COMMS,,12.68,12.56
2024-03-01,expense,EN_COMMS,,12.85,12.54
2024-04-01,expense,EN_COMMS,,12.86,12.96
2024-05-01,expense,EN_COMMS,,13.77,13.43
2024-06-01,expense,EN_COMMS,,14.94,14.55
2024-07-01,expense,EN_COMMS,,13.49,13.42
2024-08-01,expense,EN_COMMS,,14.16,14.0
2024-09-01,expense,EN_COMMS,,15.2,15.14
2024-10-01,expense,EN_COMMS,,15.9,16.14
2024-11-01,expense,EN_COMMS,,16.12,15.94
2024-12-01,expense,EN_COMMS,,18.13,17.7
2025-01-01,expense,EN_COMMS,,13.13,12.9
2025-02-01,expense,EN_COMMS,,13.16,12.86
2025-03-01,expense,EN_COMMS,,14.32,14.03
2025-04-01,expense,EN_COMMS,,13.67,13.54
2025-05-01,expense,EN_COMMS,,15.1,14.78
2025-06-01,expense,EN_COMMS,,15.22,14.84
2025-07-01,expense,EN_COMMS,,14.83,14.55
2025-08-01,expense,EN_COMMS,,15.44,15.01
2025-09-01,expense,EN_COMMS,,15.89,15.42
2025-10-01,expense,EN_COMMS,,16.65,16.62
2025-11-01,expense,EN_COMMS,,17.73,17.28
2025-12-01,expense,EN_COMMS,,19.05,18.89
